timestamp,flareLon,solexs,hel1os,flux10,flux100
1702500000,38,620.0,92.0,42.0,5.2
1708600000,43,8500.0,1200.0,4800.0,520.0
1711150000,61,340.0,44.0,18.0,1.8
1712900000,29,190.0,28.0,8.0,0.7
1715180000,55,890.0,135.0,210.0,22.0
1715270000,47,1350.0,198.0,580.0,61.0
1715680000,51,9800.0,1580.0,8900.0,980.0
1718000000,33,160.0,20.0,4.0,0.3
1725980000,63,720.0,108.0,95.0,9.1
1730700000,25,280.0,38.0,11.0,0.9
1749300000,27,2800.0,420.0,1200.0,130.0
1749390000,33,3200.0,510.0,1800.0,190.0
1749650000,41,950.0,140.0,280.0,29.0
1749820000,52,310.0,45.0,14.0,1.1
1749910000,46,5800.0,890.0,3200.0,345.0
1750000000,59,220.0,31.0,9.0,0.7
1750170000,38,1200.0,182.0,420.0,44.0
1780704061,50,11.802,25.613,4625.239,1799.582048
1780704241,-27,12.235,12.623,0.8503,0.428601
1780704301,46,12.412,9.236,0.3122,0.118465
1780704541,-22,12.858,3.324,0.011,0.001805
1780704661,-36,12.803,5.275,0.0158,0.005432
1780704781,29,12.893,3.312,0.01,0.0015
1780704961,72,13.073,1.0,0.01,0.001
1780705261,-30,12.963,1.061,0.01,0.001
1780706281,-51,12.808,10.502,0.1403,0.03653
1780707241,-38,12.877,7.798,0.036,0.011398
1780707301,-7,13.038,9.045,0.1454,0.071792
1780707601,22,15.537,76.459,309251409726.3216,122245984915.51848
1780707841,-11,19.517,100.635,1091004023489.7162,562393399233.7911
1780708321,29,25.033,2.055,0.01,0.001186
1780708441,55,24.668,1.785,0.0146,0.001379
1780708621,34,23.268,2.033,0.01,0.001157
1780708681,-6,22.65,1.726,0.0114,0.001176
1780709341,-37,15.918,1.127,0.01,0.001
1780709641,18,13.22,1.029,0.011,0.001032
1780709881,72,11.413,1.03,0.0106,0.001
1780710301,44,11.735,32.519,242224.8013,119595.519207
1780710961,3,11.073,1.0,0.01,0.001
1780711021,23,10.822,1.0,0.01,0.001
1780711501,14,14.505,99.272,9.767573769418131e+16,4.448529897382759e+16
1780711561,49,15.133,86.091,74719589962344.77,29842142906179.234
1780711801,25,17.333,4.896,0.0224,0.004891
1780711981,-47,17.9,1.352,0.0111,0.001158
1780712221,-24,18.17,14.006,0.3434,0.132577
1780712401,28,18.203,2.084,0.01,0.001021
1780712701,-19,16.117,1.079,0.0119,0.0011
1780712881,59,15.508,1.24,0.0103,0.001094
1780713181,-37,14.455,1.471,0.01,0.001
1780713241,-20,14.435,1.241,0.01,0.001
1780713481,31,13.035,1.0,0.0121,0.001
1780713661,61,12.183,1.174,0.0121,0.001196
1780713781,16,11.765,1.07,0.01,0.001042
1780715341,13,10.045,1.0,0.0118,0.001221
1780715401,51,9.957,1.0,0.0107,0.001
1780715821,-8,10.385,2.429,0.0111,0.001881
1780716121,72,9.798,1.0,0.0121,0.001137
1780716361,78,8.688,1.0,0.01,0.001
1780716421,-34,8.655,1.0,0.0111,0.001412
1780716781,39,8.862,9.825,1.7687,0.976452
1780717441,-23,9.653,1.0,0.01,0.001202
1780717501,37,9.787,1.0,0.01,0.001103
1780717921,-19,23.362,436.299,1.4650697511375233e+51,5.825671688830794e+50
1780718101,31,32.967,341.197,4.463324126120234e+27,2.0624716792964173e+27
1780718161,-25,35.982,182.544,1293907255570.384,446038213354.6719
1780718941,53,31.837,5.672,0.0439,0.006526
1780719301,46,27.863,2.574,0.0163,0.001815
1780719601,-8,21.868,2.118,0.01,0.00105
1780719721,24,20.635,1.579,0.0122,0.001133
1780720141,41,21.628,58.984,414647.5987,167355.738698
1780720261,36,22.972,51.185,12451.1405,4274.173022
1780720621,66,26.797,48.279,943.3406,440.886161
1780720861,-41,27.553,2.184,0.01,0.001084
1780721101,-20,27.542,1.914,0.0143,0.001409
1780721641,65,27.103,2.256,0.0135,0.001164
1780722061,55,23.68,1.58,0.0114,0.001
1780722121,46,23.192,2.125,0.0144,0.001292
1780722361,-18,21.902,2.06,0.0111,0.001
1780723021,-41,20.768,1.811,0.0105,0.001065
1780723741,69,17.737,4.772,0.0282,0.004841
1780724281,-28,18.972,1.396,0.01,0.001
1780724401,65,18.27,1.215,0.0114,0.001
1780724461,-3,17.767,1.296,0.0102,0.001102
1780724701,22,16.152,1.0,0.01,0.001
1780725121,27,14.592,1.0,0.01,0.001011
1780725721,20,12.553,1.228,0.01,0.001
1780725841,-56,12.115,1.02,0.01,0.001
1780726441,-10,11.095,1.0,0.01,0.001
1780727041,35,46.157,688.43,1.24168708608187e+41,5.219854897088503e+40
1780727401,-59,56.362,3.638,0.01,0.001
1780727461,32,51.808,3.523,0.0123,0.001
1780727521,-6,47.878,3.057,0.0153,0.001535
1780727701,-29,38.762,2.915,0.01,0.001
1780728241,-24,24.62,1.894,0.0108,0.001
1780728361,-27,24.218,1.82,0.01,0.001
1780728721,13,22.152,1.819,0.0106,0.001
1780729021,35,21.783,22.074,4.7288,2.41261
1780729141,36,22.647,53.589,41484.9351,20184.497007
1780731241,30,13.858,4.229,0.0164,0.002428
1780731481,-31,14.633,21.521,21.0925,11.173726
1780731961,23,16.708,1.523,0.01,0.001168
1780732861,23,15.612,1.264,0.0108,0.001
1780732921,3,15.43,1.231,0.01,0.001
1780733281,76,14.918,2.471,0.0114,0.001482
1780734121,30,14.053,1.115,0.01,0.001
1780734241,13,13.82,1.162,0.0114,0.001
1780734721,-26,14.188,14.846,1.5408,0.7254
1780734841,-16,14.497,15.148,1.9796,1.033813
1780735381,73,12.82,1.0,0.0121,0.001044
1780735501,-10,12.183,1.0,0.01,0.001
1780735561,0,11.902,1.068,0.0116,0.001199
1780735741,-58,11.11,1.0,0.01,0.001
1780736161,-57,10.183,1.0,0.0103,0.001064
1780736221,-34,10.02,1.0,0.0103,0.001045
1780736341,-16,9.827,1.0,0.01,0.001
1780736701,-40,9.533,5.625,0.0228,0.006298
1780737121,66,9.133,1.0,0.0135,0.001405
1780737361,69,8.985,1.0,0.0116,0.001382
1780737541,-25,9.083,12.865,8.8919,3.173448
1780737601,51,9.247,17.931,554.1718,216.772691
1780738141,-14,9.083,1.0,0.0119,0.001376
1780738261,-31,8.775,1.0,0.0128,0.001562
1780738441,-37,8.8,1.0,0.01,0.001215
1780738501,37,8.887,2.897,0.016,0.003772
1780738801,-39,9.437,22.842,5791.5103,2281.377134
1780738981,-41,10.18,18.179,76.1203,35.35452
1780739581,3,11.212,7.481,0.1297,0.051851
1780740001,13,13.713,34.858,43754.3636,18893.248831
1780740361,21,14.385,1.283,0.01,0.001
1780740841,-19,12.167,1.0,0.01,0.00101
1780741141,4,11.005,1.064,0.0106,0.001
1780741741,24,10.25,14.061,11.3132,5.388252
1780741801,-12,10.415,17.123,52.678,21.949809
1780741921,-57,10.917,25.325,1976.9309,883.400601
1780742041,35,11.57,33.512,377845.587,129125.076112
1780742101,78,11.723,23.578,1451.0979,694.915146
1780742281,-9,12.453,10.911,0.43,0.212249
1780742701,8,13.858,10.087,0.2683,0.092986
1780743541,-43,12.402,1.0,0.0138,0.001344
1780743661,53,12.453,2.156,0.0131,0.00181
1780743781,58,12.233,1.0,0.01,0.001009
1780743961,36,11.907,1.0,0.01,0.001
1780744021,58,11.692,1.129,0.0114,0.001
1780744261,76,11.172,1.031,0.01,0.00102
1780745161,-49,10.42,1.0,0.01,0.001096
1780745281,-27,10.26,5.284,0.0218,0.005481
1780745341,47,10.405,8.059,0.4068,0.135653
1780745881,29,11.912,13.835,3.0354,1.107423
1780745941,19,12.153,22.132,356.163,174.356097
1780746181,43,13.575,44.601,8681079.549,3282192.468539
1780746421,48,20.833,297.891,4.035831605541789e+38,2.1102945781894883e+38
1780746961,19,29.293,2.914,0.0124,0.001038
1780747021,-39,27.29,2.306,0.0121,0.001279
1780747561,-58,17.182,1.54,0.011,0.001
1780747681,-2,16.448,1.246,0.01,0.001124
1780749601,29,12.432,1.0,0.0101,0.001
1780750021,73,13.33,27.158,2391.3233,985.616646
1780750081,56,13.485,20.606,60.0991,26.681683
1780750141,-25,13.668,18.765,12.3494,6.103881
1780750201,-47,13.897,13.96,0.6235,0.234678
1780750501,51,15.267,34.714,8957.3262,3379.129011
1780750681,21,16.318,38.993,19970.6627,9707.94277
1780751041,25,27.133,250.488,2.3511217277649262e+24,1.2394878389860854e+24
1780751461,24,223.342,3659.006,1.406106719751478e+46,6.046538194558692e+45
1780751581,-12,278.527,1867.334,2.0281253585607214e+18,1.168710162251777e+18
1780752241,-43,178.772,12.773,0.0488,0.004876
1780752361,-56,151.172,12.763,0.031,0.003676
1780752841,-44,104.06,7.898,0.0208,0.001623
1780753321,-9,327.095,4322.846,1.4387761296125346e+37,7.205726731330976e+36
1780753381,-59,382.438,5664.937,2.038703966090579e+41,9.806372472623274e+40
1780753441,30,440.843,5727.981,6.580552471877842e+36,3.1287926063814174e+36
1780753501,28,499.082,3794.464,3.049881796882322e+21,1.7096420835044664e+21
1780753621,-54,609.608,3429.691,2228065124775037.2,977845330479839.4
1780753801,36,756.483,3863.015,445829053746998.75,198471835284443.1
1780753921,-25,825.103,2686.082,1073284575.8675,601891212.652685
1780754701,-57,835.098,72.884,0.3843,0.027854
1780754761,-19,810.37,65.439,0.976,0.10435
1780755061,22,680.758,55.14,1.2088,0.127419
1780755181,-31,628.143,62.306,0.5261,0.054555
1780755241,-11,601.607,54.999,0.6692,0.052183
1780755601,47,475.8,33.656,0.818,0.074356
1780755781,-50,421.953,21.226,0.142,0.008275
1780756561,58,264.363,22.91,0.512,0.052554
1780756681,-1,251.827,22.08,0.174,0.018987
1780757461,-49,168.74,14.553,0.0395,0.003351
1780757521,-47,163.2,16.246,0.0631,0.004537
1780757641,28,153.457,11.946,0.1236,0.00814
1780757941,-46,131.432,10.56,0.0245,0.002207
1780759021,-25,84.577,7.199,0.0321,0.003083
1780759081,2,82.982,6.772,0.0478,0.005144
1780759201,8,80.087,7.1,0.0346,0.003386
1780759321,58,76.63,6.948,0.0634,0.005664
1780759441,55,72.562,5.928,0.0546,0.004471
1780759681,73,66.025,5.559,0.068,0.005823
1780759981,71,59.735,5.672,0.0333,0.003293
1780760161,36,56.805,4.139,0.0336,0.002482
1780760581,19,50.595,3.743,0.0312,0.002538
1780761001,54,44.567,3.458,0.0347,0.003217
1780761061,-47,44.112,3.052,0.01,0.001
1780761181,-4,43.203,4.18,0.0142,0.001338
1780761241,-34,42.8,3.781,0.01,0.001015
1780761301,-36,42.323,4.314,0.01,0.001176
1780761361,61,41.792,3.394,0.0279,0.002454
1780761541,8,40.355,3.304,0.0151,0.001331
1780761781,13,37.382,2.692,0.0113,0.001
1780761961,10,34.725,2.056,0.0125,0.001
1780762081,-45,33.3,3.096,0.01,0.001
1780762441,-11,30.23,2.455,0.01,0.001
1780762801,10,28.023,2.179,0.01,0.001
1780763041,25,27.47,1.971,0.01,0.001
1780763161,-41,27.265,2.349,0.0108,0.001
1780763221,-46,27.02,1.769,0.01,0.001
1780763281,29,26.918,2.74,0.0106,0.001323
1780763701,35,28.082,39.286,101.0347,40.316143
1780764001,-40,30.117,31.173,2.2827,1.16416
1780764421,-14,29.705,1.868,0.01,0.001
1780764721,13,26.933,2.182,0.0133,0.0012
1780764901,-35,25.09,2.161,0.01,0.001028
1780764961,-57,24.625,1.698,0.0117,0.001202
1780765261,10,26.622,99.815,421604595.1888,180045854.621993
1780765681,71,28.055,1.974,0.0131,0.001081
1780766401,12,22.262,1.754,0.0107,0.001003
1780766701,-5,20.518,1.656,0.01,0.001
1780766881,-4,20.013,1.629,0.01,0.001
1780767001,77,19.732,1.681,0.01,0.001
1780767481,65,19.3,1.974,0.01,0.001071
1780767541,-52,19.203,1.417,0.0102,0.001
1780767601,-13,19.06,1.611,0.0116,0.001031
1780767721,-3,18.68,1.067,0.01,0.001
1780767781,-17,18.75,1.957,0.0109,0.001091
1780767901,-29,18.495,1.897,0.01,0.001052
1780767961,42,18.462,1.354,0.013,0.001
1780768141,22,18.893,25.226,31.5679,12.57959
1780768321,-18,20.545,59.072,588846.6804,262841.518717
1780768621,-41,23.373,42.05,305.2977,130.585295
1780768861,57,23.177,1.881,0.0107,0.001144
1780769881,23,15.227,1.431,0.011,0.001
1780770001,75,15.01,1.319,0.01,0.001
1780771201,48,14.655,1.074,0.0104,0.001
1780771321,18,14.57,4.893,0.0162,0.00302
1780771501,53,14.42,7.158,0.0734,0.01991
1780772161,-3,14.07,1.0,0.0129,0.001073
1780772881,-58,12.103,1.852,0.0105,0.00141
1780773001,-40,12.13,3.972,0.01,0.00219
1780773241,-21,12.525,9.336,0.2153,0.084815
1780773901,-40,14.935,1.245,0.01,0.001
1780774021,-20,14.123,1.0,0.0125,0.001058
1780774621,20,12.005,1.429,0.0115,0.001301
1780774741,73,12.043,8.936,0.2762,0.117508
1780775041,59,11.955,1.0,0.01,0.001
1780775461,-11,11.742,1.0,0.01,0.001
1780775881,-52,11.258,1.186,0.012,0.001201
1780776121,-46,10.887,1.0,0.0102,0.001074
1780776301,31,10.76,1.0,0.01,0.001071
1780776841,-18,11.195,5.024,0.0203,0.004958
1780777081,50,11.553,9.606,0.5541,0.248711
1780777741,60,10.822,1.486,0.0101,0.001044
1780778341,25,11.665,3.962,0.016,0.004613
1780778401,5,11.693,1.0,0.0133,0.001106
1780778461,71,11.673,1.0,0.0116,0.001189
1780778881,32,10.465,1.0,0.0114,0.001252
1780778941,-22,10.358,1.0,0.0121,0.001139
1780779121,66,10.475,15.496,38.9834,19.058451
1780779361,11,11.1,16.041,25.3949,10.460395
1780779901,31,15.265,53.469,33242805.5304,13161521.760973
1780779961,47,16.198,92.7,82167689775448.36,43266875345875.98
1780780021,-38,17.322,125.709,1.0275827623943597e+18,3.9165721942838035e+17
1780780441,-22,26.528,102.869,493076391.5449,224509432.209522
1780780561,26,28.648,54.627,2149.6845,784.98665
1780780741,-9,29.762,15.933,0.1519,0.046209
1780781161,9,28.265,2.734,0.0123,0.001332
1780781401,-26,26.152,2.155,0.01,0.001
1780781461,-29,25.473,1.907,0.0124,0.001
1780781761,-49,21.72,1.837,0.0102,0.001
1780782001,-40,19.398,1.39,0.0114,0.001
1780782061,47,19.003,1.845,0.01,0.001209
1780782241,66,19.092,19.261,3.9656,2.140386
1780782361,6,19.387,38.695,1854.4077,830.99299
1780782481,35,19.202,16.037,1.3501,0.394069
1780782721,-8,17.977,1.788,0.0113,0.001131
1780782961,74,16.392,6.88,0.0716,0.021068
1780783441,-11,16.605,1.374,0.01,0.001209
1780783861,12,14.135,1.206,0.0137,0.001572
1780783981,28,14.088,16.169,5.074,2.24114
1780784461,-50,12.803,1.0,0.01,0.001
1780784521,28,12.427,1.0,0.01,0.001
1780784581,43,12.082,1.0,0.01,0.001
1780785181,-58,9.698,1.0,0.01,0.001
1780785901,-39,11.783,67.848,33142286788797.707,17550318473716.975
1780786021,13,12.832,86.758,4.052085516902463e+16,1.7063611094300186e+16
1780786801,35,13.138,1.365,0.0103,0.001043
1780786921,61,12.93,1.073,0.01,0.001
1780787161,-20,13.0,11.811,0.6355,0.350706
1780787221,30,13.173,16.363,11.4737,6.122044
1780787281,79,13.272,13.144,1.0811,0.62667
1780787341,-6,13.368,19.411,26.2997,12.676215
1780787401,-52,13.453,23.89,94.8921,47.907858
1780787641,10,13.83,1.116,0.01,0.001
1780788181,-10,14.573,8.391,0.0941,0.032678
1780788541,-47,13.492,1.297,0.0108,0.001
1780790101,-17,7.401,1.0,0.0111,0.001109
1780790401,34,7.247,1.0,0.0135,0.00155
1780790521,53,7.145,1.0,0.01,0.001207
1780791601,52,7.905,24.383,1113425.905,594786.131905
1780791961,32,8.095,1.0,0.01,0.001
1780792861,-6,7.77,13.661,95.2989,39.069227
1780793041,20,8.793,65.883,4.5250529454450427e+18,2.182589131983078e+18
1780793701,26,11.462,1.196,0.01,0.001317
1780794001,74,9.665,1.0,0.0103,0.001011
1780795261,78,7.382,1.0,0.0123,0.001341
1780795441,-21,7.238,1.0,0.0118,0.001541
1780795501,27,7.15,1.0,0.01,0.001038
1780795681,-60,7.262,7.663,0.1558,0.082628
1780795861,-40,8.387,51.131,130498302173684.48,49883958955295.55
1780796401,61,10.14,1.247,0.01,0.001092
1780796521,-38,14.097,193.486,2.2019591345940213e+36,1.2016665992524169e+36
1780796941,6,30.883,42.102,65.3987,39.62274
1780797301,25,25.087,1.992,0.0103,0.001
1780797601,-42,21.803,1.796,0.01,0.001
1780798261,-58,17.07,8.824,0.0275,0.010531
1780798861,40,27.723,193.22,9.033088463982218e+17,4.013680624455465e+17
1780799101,-47,33.872,91.448,184554.8735,100189.81372
1780799461,4,32.253,2.553,0.0128,0.001479
1780800241,-44,27.82,1.823,0.0107,0.001
1780800301,-49,26.337,2.525,0.01,0.001153
1780800421,73,23.497,2.029,0.0113,0.001
1780801141,46,12.568,1.0,0.01,0.001
1780801321,-9,11.407,1.0,0.0129,0.001217
1780801501,-49,10.667,1.0,0.01,0.001
1780801981,65,10.73,1.0,0.0117,0.001148
1780802161,53,10.417,1.0,0.01,0.001
1780802281,72,9.928,1.0,0.01,0.001046
1780802341,53,9.75,1.0,0.0139,0.001227
1780802401,-53,9.697,1.0,0.01,0.001
1780802701,10,9.69,14.44,26.7156,12.310612
1780802761,-58,9.825,19.361,119.6497,66.361061
1780802881,-50,9.933,14.671,7.0385,2.518551
1780803781,70,7.278,1.828,0.0129,0.002382
1780803841,47,7.46,14.477,478.6753,275.943236
1780804021,-59,8.198,40.108,26948336915.9017,17025465606.223808
1780804081,10,8.357,29.679,15722693.1786,7093883.172964
1780804681,-30,7.713,1.0,0.01,0.001
1780804741,79,7.563,1.0,0.01,0.001361
1780804921,-46,7.535,3.208,0.01,0.003066
1780805101,19,8.432,55.867,1.0524183609447632e+16,4840277474646039.0
1780805161,-54,10.03,98.607,6.232337673752272e+24,2.2574209829376802e+24
1780805221,-14,12.61,193.014,1.6520733082531577e+41,7.787259649613931e+40
1780805341,58,23.722,739.67,2.175435958091029e+87,1.179433867922398e+87
1780805581,2,53.005,891.242,2.0191681356694973e+46,7.213985356979867e+45
1780806241,-27,31.43,1.731,0.0129,0.001
1780806421,-40,25.217,1.588,0.0116,0.001073
1780806541,-5,22.642,1.708,0.01,0.001
1780806721,77,20.427,1.361,0.01,0.001004
1780807981,37,15.308,1.232,0.01,0.001031
1780808041,53,15.09,1.218,0.0142,0.001394
1780808101,53,14.912,1.231,0.0107,0.001007
1780808521,-3,16.162,39.446,20510.5291,11700.651192
1780809001,51,19.018,15.067,0.8939,0.431104
1780809421,-14,19.722,1.595,0.01,0.001
1780809541,50,19.468,1.393,0.01,0.001
1780809661,66,19.017,1.41,0.0102,0.00101
1780809721,-58,18.875,1.069,0.01,0.001
1780809781,-37,19.637,51.273,38081.7524,13217.667087
1780810261,27,24.852,1.659,0.01,0.001047
1780811521,0,46.718,3.46,0.0181,0.001521
1780811761,31,36.652,2.429,0.0225,0.001986
1780811881,14,32.62,2.326,0.01,0.001
1780812121,69,24.058,1.964,0.0108,0.001
1780812241,24,20.218,1.456,0.01,0.001
1780812601,41,12.567,1.0,0.01,0.001
1780812961,36,10.015,1.0,0.0114,0.001326
1780813381,35,9.145,1.0,0.01,0.001
1780813561,22,9.337,13.323,16.7504,7.380683
1780813681,33,10.528,61.807,104554387153990.77,34094576054732.53
1780814281,59,24.772,128.718,5981759043487.87,2249298313149.4414
1780814461,51,25.18,1.633,0.01,0.001
1780814581,39,23.028,2.143,0.0115,0.001256
1780815121,-9,16.085,24.832,60.8183,29.63111
1780815181,11,16.23,1.847,0.01,0.001165
1780815241,-14,16.38,1.269,0.01,0.001
1780815901,-4,15.093,1.379,0.01,0.001
1780816081,12,14.57,1.442,0.0104,0.001134
1780816501,63,13.12,1.439,0.01,0.001
1780817041,-31,9.758,1.0,0.0102,0.001
1780817221,-23,9.147,1.0,0.01,0.001
1780817701,-55,8.968,1.0,0.01,0.001
1780817941,-55,9.673,23.041,2381.6794,1101.486195
1780818361,61,11.795,16.535,21.5783,11.106571
1780818481,12,12.3,11.64,0.6736,0.298479
1780818781,79,18.59,165.192,1.6222493942900142e+23,6.45725825246753e+22
1780819021,-44,23.38,54.784,10552.9585,5339.520903
1780819501,11,18.243,1.439,0.0138,0.00146
1780819621,12,17.67,1.701,0.0106,0.001
1780819801,-19,19.443,103.551,3498249606788.076,1690775839794.4055
1780819861,48,21.032,158.246,1.7529099147707228e+19,9.215723699124872e+18
1780819981,-50,24.075,192.805,1.3003269643960019e+20,7.033664470211233e+19
1780820341,-56,48.262,338.526,6.422276353817416e+17,2.2193871411404323e+17
1780820941,-44,25.708,2.082,0.01,0.001
1780821541,14,11.883,1.106,0.01,0.001
1780821601,24,11.49,1.0,0.0115,0.001
1780822141,-1,7.578,1.0,0.0149,0.001896
1780822201,-18,7.398,1.0,0.0108,0.001
1780822561,45,6.953,1.0,0.0124,0.001703
1780822801,53,6.887,6.051,0.4041,0.158118
1780823161,-25,7.062,1.0,0.0127,0.001463
1780823401,-43,7.423,13.686,65.4621,29.368209
1780823641,-41,9.812,72.43,9.036211188116343e+17,4.4727422828622336e+17
1780823821,-4,15.197,214.225,6.982337706369373e+37,2.410679633697051e+37
1780823881,13,17.305,311.217,1.0964817587391459e+49,6.034037384744116e+48
1780824001,7,21.517,233.13,5.081565445542057e+28,2.2490876026398063e+28
1780825561,-53,11.48,1.023,0.01,0.001201
1780825621,3,11.37,1.0,0.0133,0.001311
1780825921,-53,10.447,1.0,0.0106,0.001
1780825981,-59,10.438,1.109,0.0112,0.001
1780826581,66,10.045,1.0,0.01,0.001
1780826641,5,10.0,1.0,0.0117,0.001354
1780826821,55,9.782,1.0,0.0123,0.001383
1780826881,-23,9.668,1.0,0.0122,0.001322
1780826941,17,9.603,1.0,0.01,0.001067
1780827001,-46,9.517,1.048,0.0135,0.001285
1780827061,-17,9.347,1.0,0.0122,0.001135
1780827361,-45,9.118,2.374,0.0123,0.002402
1780827601,-6,9.257,7.484,0.1653,0.056776
1780827721,-35,9.608,16.79,76.5908,33.789538
1780827841,74,10.07,23.797,10862.7729,4993.916819
1780827901,15,10.367,24.785,8679.7369,3867.561663
1780828261,11,10.978,1.011,0.0113,0.001
1780828441,-26,10.437,1.026,0.0117,0.001
1780828741,-21,9.49,1.0,0.0137,0.00159
1780828921,75,8.813,1.0,0.0106,0.00103
1780830301,-54,8.312,29.187,3347139.9716,1870125.409488
1780830361,-7,8.517,35.603,794488907.6843,340817491.496136
1780830781,47,9.515,1.0,0.01,0.001
1780830961,15,9.285,1.0,0.01,0.001
1780831201,10,8.883,1.0,0.0132,0.001617
1780831501,28,8.413,1.0,0.01,0.00115
1780832161,44,7.798,1.0,0.0111,0.001684
1780832221,-14,7.657,1.0,0.011,0.001105
1780832341,22,7.587,1.0,0.01,0.001087
1780832461,-15,7.398,1.0,0.0117,0.001504
1780832581,76,7.035,1.0,0.0116,0.001607
1780833361,-7,6.23,1.0,0.01,0.001566
1780833721,34,6.25,1.0,0.0101,0.001063
1780834801,38,6.883,1.0,0.0115,0.001358
1780835401,48,7.972,20.484,29082.4798,9885.107242
1780835521,27,8.257,2.072,0.01,0.00186
1780835581,59,8.188,1.0,0.01,0.001
1780835881,-27,7.192,1.0,0.01,0.001209
1780836001,30,6.787,1.0,0.0102,0.001213
1780836181,61,6.765,15.573,4788.5212,2170.215854
1780836241,25,6.957,23.856,6426071.2761,3899066.332981
1780836301,-41,7.013,26.621,19311565.2974,7848113.665317
1780837141,51,6.092,1.0,0.013,0.001546
1780838581,65,17.1,233.397,5.613041538514274e+36,2.996231196002814e+36
1780838821,-24,22.838,32.905,29.7624,13.251925
1780839301,50,19.543,1.802,0.0125,0.001141
1780839901,-41,28.605,52.282,357.0952,158.245088
1780840681,-39,44.467,3.113,0.0102,0.001096
1780840741,8,41.137,2.734,0.016,0.001154
1780841341,-30,17.903,1.465,0.0113,0.001019
1780841581,-19,15.0,1.14,0.0136,0.001149
1780843321,64,8.627,20.971,15444.5534,7197.520574
1780843621,-25,10.302,46.72,9306545523.9637,3547813354.332695
1780844161,49,12.502,37.075,762982.3369,379686.014826
1780844581,16,14.731,1.968,0.0114,0.001316
1780844941,-4,12.992,1.017,0.01,0.001002
1780845181,43,11.58,1.0,0.011,0.001134
1780845301,-46,10.857,1.0,0.01,0.001
1780845361,38,10.627,1.0,0.01,0.001094
1780845541,-14,9.865,1.0,0.0103,0.001
1780845901,-18,8.767,1.0,0.013,0.001243
1780846081,7,8.423,1.0,0.01,0.00108
1780846261,-21,8.415,1.0,0.01,0.001137
1780846921,32,16.908,230.495,3.4728789225613454e+36,1.6274626632598917e+36
1780846981,76,18.995,185.697,3.6565058049592476e+25,1.5383251562845686e+25
1780847101,-29,24.292,179.735,5.076535342433677e+18,1.8405025866304965e+18
1780847581,-46,37.07,3.191,0.01,0.001317
1780847761,-11,34.91,2.216,0.01,0.001
1780848181,45,23.272,1.755,0.0132,0.001203
1780848481,79,17.75,1.229,0.0102,0.001
1780849141,61,11.267,1.081,0.01,0.001
1780849261,-29,10.57,1.0,0.01,0.001181
1780849621,-47,9.808,5.19,0.0139,0.003786
1780849681,-17,10.105,11.711,2.082,0.863638
1780849801,-22,11.357,42.318,61701170.8324,37310244.013347
1780849981,-1,12.48,68.68,10469698542042.48,3197141647899.923
1780850581,-8,26.755,96.255,70406646.3849,34451990.920967
1780851241,79,23.233,1.601,0.01,0.001
1780851961,11,14.98,1.418,0.0107,0.001
1780852141,-28,14.588,1.128,0.01,0.001042
1780852321,-6,13.845,1.202,0.01,0.001
1780852501,42,13.148,1.0,0.0119,0.001
1780852741,11,11.815,1.078,0.0101,0.00114
1780852921,76,11.453,1.0,0.0103,0.001184
1780853341,10,10.522,1.0,0.01,0.001
1780853461,-43,10.3,1.0,0.0115,0.0011
1780853581,35,10.058,1.0,0.01,0.001082
1780853641,36,10.09,1.0,0.01,0.001139
1780853761,46,10.372,7.217,0.1628,0.079233
1780854121,-14,15.17,158.032,4.6885088413311544e+26,3.052289758404389e+26
1780854241,76,17.268,96.303,44550520043025.59,14155271799152.855
1780854661,22,18.778,1.503,0.0104,0.001
1780855741,44,9.897,1.0,0.0114,0.001
1780855801,18,9.528,1.0,0.01,0.001103
1780856281,54,7.8,1.0,0.01,0.001042
1780856341,-53,7.633,1.0,0.0125,0.001859
1780856461,-23,7.368,1.0,0.01,0.001299
1780857061,25,6.505,1.948,0.01,0.001397
1780857421,-55,6.867,6.199,0.0852,0.043076
1780857481,-7,6.82,1.869,0.0116,0.002524
1780857601,50,6.748,1.0,0.0107,0.001263
1780858081,46,6.987,9.952,13.8837,7.779382
1780858381,-23,10.062,107.383,4.245366606214177e+27,1.5727209780836588e+27
1780859401,56,6.893,1.71,0.01,0.001883
1780859581,42,6.96,9.052,6.4017,3.138022
1780859941,-23,6.785,1.0,0.01,0.001399
1780860241,71,8.972,79.506,5.04503604820352e+22,2.110075560186177e+22
1780860721,62,16.862,21.09,21.3294,5.780088
1780861921,49,8.122,1.0,0.01,0.001011
1780862101,39,8.067,1.0,0.0107,0.001115
1780862701,-38,9.21,13.146,5.0373,2.603403
1780863901,-54,9.947,1.0,0.01,0.001
1780864021,-10,9.203,1.0,0.01,0.001
1780864321,-42,7.718,1.0,0.0114,0.001291
1780864441,75,7.33,1.0,0.0112,0.001142
1780864741,-38,6.702,1.0,0.01,0.001
1780864861,-49,6.612,1.0,0.0132,0.001582
1780865581,-1,6.152,1.0,0.01,0.001
1780865701,17,6.173,1.0,0.0101,0.001602
1780866181,-47,6.583,10.651,10.4995,4.59526
1780866481,36,8.117,35.52,4757807001.056,2084866347.48214
1780866661,41,8.975,28.244,1563946.5963,646773.098567
1780866721,-30,9.205,22.333,6323.3813,3674.398961
1780866781,-9,9.387,7.048,0.1243,0.049723
1780867021,-52,9.03,1.0,0.01,0.001109
1780867141,66,8.52,1.0,0.0126,0.001582
1780867201,74,8.322,1.0,0.011,0.001215
1780867861,37,6.983,2.671,0.0119,0.002648
1780867981,-47,7.038,5.751,0.068,0.028919
1780868041,-12,7.107,4.998,0.064,0.019383
1780868161,14,7.203,5.654,0.1827,0.091518
1780868281,-34,7.282,5.161,0.04,0.0153
1780868341,29,7.273,1.0,0.01,0.001486
1780868401,2,7.302,1.0,0.01,0.001
1780868641,26,7.343,2.116,0.0105,0.001936
1780868701,40,7.363,4.907,0.1186,0.044808
1780868821,-37,7.445,7.515,0.2346,0.106878
1780869121,53,8.608,35.018,630513999.5401,320347583.780505
1780870081,32,15.2,41.618,241775.5196,105787.417931
1780870321,23,16.558,7.388,0.0754,0.020549
1780870741,-15,16.603,1.47,0.0126,0.001459
1780870921,53,15.945,1.186,0.01,0.001
1780871101,-21,14.917,1.203,0.0131,0.001324
1780871161,12,14.538,1.296,0.011,0.001
1780871401,21,12.88,1.0,0.0108,0.001
1780871821,60,9.008,1.0,0.01,0.001227
1780872361,79,6.747,1.0,0.01,0.001405
1780872481,-12,6.68,1.0,0.01,0.001161
1780872661,29,6.985,17.256,13676.1978,4655.927519
1780872841,10,7.692,32.859,1139881739.0413,554330787.94923
1780873021,-8,9.108,52.998,45707414043649.11,25339734166842.76
1780873441,13,12.533,27.439,3659.9449,1853.569784
1780873921,-37,13.91,1.0,0.01,0.001
1780874281,-14,14.32,12.801,0.4933,0.204008
1780874341,-12,14.407,22.403,58.5515,27.855153
1780874641,1,15.61,26.773,248.6896,94.008911
1780874941,-58,15.862,1.04,0.01,0.001
1780875121,-37,14.98,1.234,0.01,0.001
1780875781,-5,10.88,1.0,0.01,0.001
1780875961,-10,10.38,1.0,0.01,0.001
1780876141,65,10.087,2.007,0.0116,0.001521
1780876261,-57,10.038,1.0,0.0115,0.001
1780876321,0,10.064,1.04,0.0102,0.001195
1780876501,-54,10.135,3.147,0.01,0.001854
1780876681,-34,10.425,18.114,64.5758,29.628631
1780877461,-19,9.655,1.0,0.01,0.001
1780877761,-3,8.847,1.0,0.0114,0.001149
1780877881,-30,8.537,1.0,0.01,0.001188
1780878661,57,9.383,1.0,0.01,0.001
1780878841,-49,8.473,1.0,0.01,0.001099
1780879201,-18,7.668,7.442,0.4993,0.269446
1780879381,-38,8.092,13.871,44.2591,22.385864
1780879861,75,8.035,1.0,0.01,0.00113
1780880761,15,10.148,1.0,0.0113,0.001
1780881001,-57,9.307,1.0,0.01,0.001145
1780881481,-16,9.375,12.222,3.4677,1.304962
1780881661,79,9.893,24.099,16648.6605,8787.982759
1780881841,10,10.597,16.217,28.0633,11.844118
1780882021,-48,11.34,18.363,29.0885,17.26447
1780882141,-25,11.837,21.462,158.0858,56.994779
1780882501,23,12.477,1.067,0.0105,0.001024
1780882561,40,12.423,1.0,0.0101,0.001
1780882681,49,12.087,1.0,0.01,0.001093
1780882981,61,12.005,24.82,2568.7995,1197.344389
1780883341,-11,13.327,24.142,218.6007,107.628676
1780884241,-44,14.923,1.079,0.01,0.001
1780884301,18,14.935,1.503,0.01,0.001116
1780884541,6,16.645,52.393,3083015.7813,1282851.712466
1780885201,46,70.2,713.427,5.120406933751759e+27,1.9656775134865652e+27
1780885681,19,81.192,7.055,0.0623,0.005401
1780885801,-36,78.888,8.908,0.0185,0.001566
1780886161,-30,105.578,1080.523,5.475359111874417e+27,2.006427403262987e+27
1780886401,25,182.85,2788.778,6.739046010858842e+42,3.218127795083755e+42
1780886461,58,204.572,2383.54,3.445422595050117e+32,1.5393720638728044e+32
1780886521,4,224.045,2249.747,9.415268609373497e+27,3.8760037000903354e+27
1780887061,39,191.407,16.819,0.1887,0.018349
1780887241,24,139.008,10.254,0.1246,0.007565
1780887361,17,112.968,9.354,0.0711,0.008233
1780888021,-45,61.545,47.987,1.1248,0.387513
1780888321,63,61.688,5.024,0.0296,0.003078
1780888381,-7,60.978,3.682,0.0155,0.001403
1780888861,-26,39.992,3.51,0.01,0.001
1780888981,26,34.607,2.698,0.0172,0.001291
1780889161,-33,28.91,2.58,0.01,0.001
1780889581,10,21.263,2.079,0.01,0.001
1780889821,9,18.303,1.828,0.01,0.001056
1780889941,44,17.795,1.669,0.0132,0.001401
1780890241,-31,17.887,36.579,1486.6186,893.557608
1780890481,-25,17.698,1.578,0.01,0.001
1780891021,68,14.042,1.0,0.01,0.001
1780891441,-57,12.877,1.1,0.01,0.001103
1780892281,-3,24.938,2.043,0.0109,0.001
1780892461,-13,22.518,1.649,0.0105,0.001
1780892641,25,19.447,1.811,0.01,0.001178
1780892821,-23,16.675,1.366,0.01,0.001
1780893121,40,14.797,1.184,0.01,0.001
1780893301,29,14.603,8.594,0.1203,0.042517
1780893421,27,14.6,6.59,0.043,0.011575
1780894201,38,11.005,5.416,0.0692,0.013392
1780894381,-20,11.578,21.446,137.6377,73.931561
1780894441,-36,12.062,28.379,4275.0445,1417.635976
1780894621,-35,14.54,91.176,1004878394893125.9,454192205350535.3
1780894681,-40,18.647,219.202,9.321369253664814e+30,2.4918206962097327e+30
1780894741,-39,28.07,689.151,4.841803605009112e+67,1.9777364655121244e+67
1780895161,-15,105.9,59.492,1.2792,0.46737
1780895461,-9,63.993,4.563,0.0233,0.001705
1780895521,-47,49.458,3.949,0.0112,0.001069
1780896961,42,11.673,11.052,1.0738,0.546844
1780897381,64,11.503,1.083,0.0103,0.001
1780897441,78,11.442,1.0,0.01,0.001
1780897501,-27,11.298,1.0,0.01,0.001
1780897681,-23,11.088,1.0,0.01,0.001078
1780897801,-51,11.118,1.0,0.0111,0.001
1780898341,62,10.78,1.0,0.01,0.001
1780898461,78,10.805,1.0,0.01,0.001233
1780898521,48,10.703,1.0,0.01,0.001084
1780898941,74,10.208,7.73,0.2369,0.094942
1780899961,23,11.755,38.432,4129045.7703,1839261.216917
1780900021,75,12.392,70.809,54812894612858.64,24227715270405.066
1780900261,-37,18.778,163.523,1.2936660383210372e+22,6.385506008482969e+21
1780900381,-27,20.628,95.209,29206583522.2098,9298421261.754171
1780901461,24,12.378,1.0,0.0105,0.001
1780901521,-39,11.968,1.184,0.01,0.001
1780901641,-39,11.523,1.038,0.01,0.001
1780902001,45,11.477,11.274,1.8512,0.839724
1780902121,37,11.518,4.541,0.0376,0.007967
1780902241,18,11.805,6.83,0.1145,0.040765
1780902601,-20,11.602,1.032,0.0119,0.001101
1780903441,16,13.798,22.847,127.3642,58.969249
1780903621,5,15.203,41.412,147873.7589,72393.990218
1780903801,3,16.605,45.18,181702.7186,75377.837226
1780904101,51,17.38,1.658,0.0133,0.0014
1780904521,67,12.36,1.0,0.0115,0.001043
1780904581,-23,11.713,1.179,0.01,0.001
1780904701,-32,10.6,1.0,0.0112,0.001
1780905241,-28,9.95,38.941,150083882.5331,65118179.774451
1780905361,15,10.287,21.157,936.911,448.671746
1780906081,-32,9.41,1.0,0.01,0.001
1780906381,52,9.153,3.722,0.0416,0.011304
1780906441,-44,9.05,8.686,0.3302,0.185873
1780906561,42,9.232,9.277,1.2428,0.548546
1780906801,-23,12.633,106.502,2.281392080524814e+21,1.2043275462366396e+21
1780907101,-58,14.552,1.0,0.0112,0.001083
1780907341,-47,11.988,1.0,0.0117,0.001197
1780907461,65,9.557,1.0,0.01,0.001017
1780907641,28,8.043,1.0,0.01,0.001145
1780909021,61,8.367,1.089,0.0131,0.001375
1780909141,-58,8.312,1.0,0.0121,0.001121
1780909201,15,8.322,1.0,0.01,0.001
1780909621,-12,7.772,1.0,0.01,0.001
1780909801,32,7.765,1.0,0.01,0.001148
1780909921,-13,7.628,1.0,0.0124,0.001236
1780910161,-39,7.652,4.641,0.026,0.007599
1780910401,42,7.803,5.51,0.1783,0.046906
1780910641,-58,8.145,10.315,1.0343,0.45542
1780910761,75,8.3,9.373,2.4419,0.956481
1780911061,-47,8.55,1.775,0.0126,0.001934
1780911121,-9,8.668,1.285,0.0104,0.001469
1780911181,-27,8.732,5.809,0.0476,0.018234
1780911361,-5,8.487,1.0,0.0108,0.001325
1780911721,54,7.66,1.0,0.0105,0.0013
1780911961,-9,7.398,2.373,0.01,0.00213
1780912321,44,7.358,1.0,0.01,0.001153
1780912561,-49,7.377,8.094,0.4594,0.216552
1780913161,-36,8.7,24.344,66747.7296,36333.284463
1780913401,-35,9.305,19.301,541.3002,227.921743
1780913581,50,10.732,33.351,1907959.8024,777814.839203
1780913761,-53,11.368,27.944,4720.7002,1840.253837
1780914361,-29,10.857,1.0,0.01,0.001004
1780914421,79,10.637,1.0,0.01,0.00115
1780914601,-32,10.11,1.0,0.0104,0.001
1780914661,5,9.985,1.0,0.0126,0.001018
1780915021,3,9.69,6.393,0.1133,0.036336
1780915801,-20,11.68,5.133,0.0181,0.004162
1780915861,15,11.937,19.06,74.236,51.923864
1780916941,-40,14.395,1.0,0.01,0.001
1780917181,9,14.147,1.013,0.0118,0.001172
1780917361,-16,14.42,43.394,589200.9457,276258.499749
1780917661,-49,15.872,5.858,0.01,0.002215
1780917841,-2,16.213,7.867,0.045,0.011639
1780918081,61,17.052,30.244,767.9663,330.025714
1780918321,40,17.39,1.543,0.01,0.001
1780918741,51,16.35,1.276,0.0102,0.001
1780918861,-25,15.852,1.394,0.0113,0.001
1780919041,22,14.945,1.0,0.01,0.001
1780919461,1,13.027,1.0,0.01,0.001
1780919641,77,12.597,1.0,0.01,0.001072
1780919761,49,12.25,1.0,0.0109,0.001143
1780919881,44,12.122,1.062,0.01,0.001
1780920001,-12,12.17,1.581,0.01,0.001313
1780920601,-35,12.93,32.666,20190.8811,10647.366575
1780921621,77,14.127,1.0,0.01,0.001
1780921741,40,14.268,16.326,6.9044,2.996697
1780921861,18,16.512,131.384,1.544830481579746e+20,7.003005136686256e+19
1780921981,-2,19.252,144.208,6.011728051127689e+18,2.4482028741160914e+18
1780922161,75,22.315,76.579,39594984.393,15663752.73755
1780922281,67,23.453,1.881,0.0106,0.001
1780922401,15,22.9,1.899,0.0111,0.001
1780922641,-48,18.918,1.429,0.01,0.001004
1780923241,-50,15.415,1.546,0.01,0.00112
1780923901,16,13.86,1.224,0.011,0.001215
1780924321,45,12.615,1.0,0.0101,0.001
1780924501,61,12.082,1.0,0.0101,0.001047
1780924561,-6,12.06,1.159,0.0151,0.001523
1780924981,74,11.227,1.0,0.0109,0.001225
1780925221,-19,11.063,1.0,0.0124,0.001259
1780925701,-54,10.085,1.0,0.0113,0.001
1780925761,31,9.92,1.0,0.013,0.001616
1780926061,-37,8.885,1.0,0.0105,0.00133
1780926541,-51,8.753,1.0,0.01,0.001154
1780926721,65,8.615,1.0,0.01,0.001217
1780926781,-37,8.625,1.0,0.01,0.001191
1780926841,38,8.5,1.0,0.0123,0.001286
1780926961,57,8.418,1.0,0.01,0.00134
1780927141,-20,8.34,1.0,0.01,0.001329
1780927501,24,8.667,4.321,0.0441,0.010257
1780927561,-45,8.647,1.0,0.0107,0.001095
1780928101,-12,7.917,1.0,0.01,0.001
1780928281,22,7.59,1.0,0.01,0.001154
1780928461,61,7.372,1.0,0.01,0.001014
1780928641,-51,7.31,3.243,0.0111,0.003132
1780928881,-39,7.338,1.0,0.01,0.001486
1780929361,12,7.25,1.0,0.01,0.001086
1780929601,-9,8.058,29.829,27116235.8826,14700689.11525
1780929721,-4,8.598,32.362,55840042.8225,15585265.492033
1780929781,-13,8.872,29.8,3785687.7614,1534589.001399
1780929961,48,9.51,1.974,0.0114,0.001839
1780930141,-33,9.047,1.0,0.01,0.001273
1780930501,57,7.882,7.748,0.979,0.448524
1780930681,44,7.738,2.728,0.01,0.002206
1780931281,21,7.392,1.0,0.01,0.001583
1780931821,23,6.465,3.055,0.0134,0.004302
1780932601,27,6.908,9.24,7.1345,4.200534
1780932721,7,7.328,17.698,5292.2506,1987.417858
1780932841,50,7.653,21.784,212920.5479,99858.704602
1780933081,41,7.818,1.0,0.0108,0.001199
1780933681,-51,7.193,4.685,0.0167,0.007237
1780934401,20,8.578,1.0,0.0104,0.0011
1780934581,43,8.623,1.0,0.0124,0.001231
1780934701,-1,8.697,4.957,0.0482,0.017743
1780935001,74,8.915,2.677,0.0147,0.003192
1780935241,5,10.147,26.603,49776.8591,22699.054397
1780935781,2,12.973,1.222,0.01,0.001
1780936441,31,9.355,1.0,0.0115,0.001242
1780936561,46,9.117,1.0,0.0106,0.001102
1780937401,68,11.515,1.005,0.0105,0.001052
1780937821,7,10.773,1.0,0.0133,0.001228
1780938001,79,10.63,1.0,0.01,0.001
1780938661,19,11.227,6.988,0.1117,0.036766
1780938781,39,11.457,1.0,0.0134,0.001604
1780939501,-51,13.635,105.349,1.0322476100820433e+19,6.070909034039699e+18
1780939561,2,14.173,100.412,4.8045709632172826e+17,2.4331196366395766e+17
1780939801,39,15.92,2.949,0.01,0.001455
1780940581,-60,10.312,1.0,0.011,0.001
1780941181,45,9.092,1.0,0.0124,0.001325
1780942321,-31,8.942,1.0,0.014,0.001275
1780942441,54,8.73,1.0,0.0129,0.001318
1780943221,8,8.585,6.464,0.1564,0.067563
1780943581,-52,9.372,4.192,0.01,0.003429
1780943881,56,8.952,1.0,0.0118,0.001195
1780944001,-30,8.553,1.0,0.01,0.001115
1780944841,37,7.57,1.0,0.01,0.00144
1780945081,30,7.008,1.0,0.0119,0.001457
1780945261,55,6.633,1.0,0.01,0.001487
1780945981,74,6.27,1.672,0.01,0.00208
1780946161,31,6.362,8.977,8.4446,4.601956
1780946221,-1,6.438,6.779,0.5608,0.259382
1780947661,66,7.018,2.74,0.0171,0.005069
1780948201,67,8.295,26.84,2535185.6064,931372.722866
1780948741,-29,8.843,1.0,0.0149,0.001755
1780949401,12,6.578,1.0,0.01,0.001141
1780950421,12,6.468,1.0,0.01,0.001458
1780950541,70,6.238,1.0,0.0148,0.001549
1780950841,75,7.798,49.311,1638167486906798.8,749434096557195.1
1780950961,54,8.422,48.33,48834914121777.086,24904634076278.957
1780951441,-58,7.367,1.0,0.0122,0.00173
1780951981,70,6.178,1.0,0.01,0.001254
1780952521,68,5.875,1.0,0.0112,0.001841
1780952581,57,5.9,1.0,0.0133,0.001683
1780952761,64,6.063,7.059,2.4377,1.159928
1780953001,50,6.055,5.241,0.2339,0.137355
1780953481,-5,6.245,1.0,0.0104,0.00121
1780953841,-8,6.045,5.898,0.339,0.153605
1780954021,-60,6.135,9.146,2.6954,1.633622
1780954261,77,6.697,8.258,3.9508,2.225817
1780954501,-29,7.098,12.683,53.6156,29.649357
1780954621,20,7.233,2.584,0.01,0.002022
1780954681,25,7.237,1.0,0.01,0.001067
1780954741,10,7.18,1.0,0.01,0.001061
1780955161,-12,6.573,1.0,0.01,0.001342
1780955281,16,6.5,1.0,0.01,0.001595
1780955821,-7,6.762,5.866,0.185,0.06724
1780955941,79,6.868,6.447,0.5901,0.239817
1780956001,-44,6.917,7.514,0.336,0.176902
1780956181,17,7.01,1.0,0.0102,0.001351
1780956361,-49,7.18,3.124,0.01,0.001857
1780956481,65,7.267,10.99,18.9078,8.095294
1780956661,11,7.162,1.0,0.01,0.001367
1780956721,-4,7.108,1.0,0.0101,0.001324
1780957081,4,5.952,1.0,0.01,0.00146
1780957381,-44,5.385,1.0,0.01,0.00154
1780957501,63,5.463,2.415,0.0137,0.004052
1780957621,23,5.503,5.933,0.6571,0.297411
1780957921,78,5.317,1.0,0.0117,0.001704
1780958041,-55,5.31,1.0,0.014,0.002239
1780958941,-3,5.035,17.094,2147226.9358,1117506.721087
1780959301,50,5.282,1.0,0.0123,0.002113
1780959541,-57,5.237,11.024,108.9863,41.642356
1780959661,9,5.527,20.633,34431871.195,11863078.987275
1780959781,10,5.882,19.8,3105573.1988,1507905.802088
1780960081,2,7.872,57.832,9.047545442313338e+17,2.707243719713048e+17
1780960681,-48,10.235,1.0,0.01,0.001124
1780960921,38,9.013,1.0,0.0101,0.001
1780961161,3,7.973,1.0,0.01,0.001063
1780961341,44,8.623,29.139,7898866.0097,3140735.162253
1780961581,26,9.19,7.395,0.2461,0.109313
1780961821,-26,9.372,1.0,0.01,0.00116
1780962001,19,8.582,1.0,0.01,0.001005
1780962661,-9,6.341,6.325,0.4932,0.215735
1780962721,-33,6.322,7.517,1.0461,0.499557
1781049301,6,6.927,32.638,27519635681.5731,15151209311.42624
1781049661,-38,7.76,18.575,3264.7258,1310.599963
1781050621,1,5.437,1.0,0.0109,0.001441
1781050801,-18,5.43,2.701,0.01,0.002079
1781051221,-21,5.792,1.0,0.0114,0.001471
1781051341,-41,5.687,1.0,0.0101,0.001571
1781051461,-28,5.462,1.0,0.01,0.001478
1781051521,29,5.347,1.0,0.01,0.001759
1781051641,-54,5.097,1.0,0.01,0.00131
1781052661,8,22.928,638.565,4.5297883247944124e+77,2.2985439162500628e+77
1781053141,-30,27.018,2.02,0.0107,0.001
1781053201,-40,20.725,1.301,0.01,0.001
1781053801,42,9.638,1.0,0.01,0.001119
1781054221,1,7.615,1.0,0.01,0.001119
1781054641,15,8.927,78.618,2.0553501916435304e+22,1.043405572223512e+22
1781055181,58,8.5,1.0,0.0105,0.001
1781055361,-38,7.08,8.108,0.7157,0.271413
1781055421,36,7.035,8.592,1.9716,0.989102
1781055661,-58,7.14,4.162,0.01,0.002864
1781055721,55,7.167,1.0,0.01,0.001
1781055781,-22,7.145,1.0,0.0125,0.001132
1781055841,-18,6.957,1.0,0.0101,0.001
1781055961,-1,6.723,1.0,0.01,0.001034
1781056081,22,6.76,3.796,0.0451,0.017475
1781056261,-5,6.677,6.965,0.6298,0.219383
1781056441,13,6.692,1.0,0.0102,0.00114
1781056561,67,6.543,1.0,0.0135,0.001623
1781056921,-35,5.957,1.0,0.01,0.001383
1781056981,11,5.928,1.0,0.0128,0.001897
1781057761,-12,6.745,20.595,341465.2154,122503.110956
1781057941,-7,6.887,1.0,0.01,0.001218
1781058061,-52,6.763,1.0,0.01,0.001331
1781058241,-8,6.4,1.0,0.0101,0.001373
1781058721,60,6.337,17.616,126414.889,59595.119951
1781059141,65,5.88,1.0,0.0102,0.00134
1781059321,32,5.222,1.0,0.0127,0.001801
1781059381,-8,5.107,1.0,0.01,0.001401
1781060881,17,7.787,1.0,0.01,0.001323
1781061301,-32,5.872,1.0,0.01,0.001
1781061661,31,5.01,3.297,0.0336,0.013999
1781062681,60,5.07,10.43,648.8036,283.915893
1781062741,68,5.122,5.605,1.3049,0.531881
1781063161,-13,5.013,1.0,0.0137,0.002275
1781063821,-26,6.453,29.665,4720682335.6132,2176234510.480721
1781064001,76,7.535,29.957,247643152.4951,95757670.385268
1781064421,66,11.125,77.044,8.396410724559766e+16,4.06567125630955e+16
1781064961,76,11.467,1.0,0.01,0.001
1781065381,-40,7.897,1.0,0.01,0.001
1781065801,-24,5.85,1.0,0.01,0.001507
1781066821,-29,5.362,14.891,34824.1746,14799.073219
1781067121,71,5.818,1.136,0.01,0.001311
1781067781,74,8.334,20.265,7342.0157,2888.923639
1781068021,71,10.254,33.818,6044067.8355,3332217.222488
1781068081,-8,10.452,53.759,752287965545.521,344302663917.86694
1781068381,-56,11.395,1.0,0.01,0.001
1781068501,-41,11.08,1.0,0.0108,0.0011
1781068741,24,9.773,1.0,0.01,0.001
1781069341,-5,7.532,1.0,0.01,0.001016
1781069581,-8,6.94,1.0,0.01,0.001311
1781070061,50,6.147,1.0,0.0116,0.001632
1781070241,-51,5.925,1.0,0.01,0.00126
1781070361,77,5.838,1.0,0.01,0.001331
1781072041,-8,6.618,15.22,2684.8476,906.043216
1781073001,76,6.192,1.0,0.01,0.001112
1781073601,-28,6.787,15.854,1603.6134,703.447639
1781073781,46,7.627,21.096,113766.5802,49133.42349
1781073961,75,8.045,8.658,1.3775,0.641282
1781074021,-13,8.19,6.297,0.1367,0.066713
1781074081,77,8.31,1.0,0.0133,0.001
1781074741,34,7.437,1.0,0.01,0.001
1781074981,-41,7.15,1.0,0.0109,0.001107
1781075281,50,6.8,1.0,0.0101,0.001295
1781075461,47,6.513,1.0,0.01,0.001656
1781076481,13,5.455,1.0,0.0101,0.001091
1781076661,-36,5.582,2.096,0.01,0.002952
1781076901,70,5.493,1.0,0.0117,0.001442
1781077141,-35,5.733,9.552,20.9225,8.491582
1781077261,-35,5.827,10.377,40.366,19.055055
1781077561,70,6.09,1.0,0.0109,0.001
1781077741,-20,5.735,1.0,0.0122,0.001783
1781077801,26,5.597,1.0,0.01,0.001102
1781079721,37,5.032,3.223,0.0538,0.022088
1781079961,42,5.272,1.0,0.0106,0.001394
1781080081,-21,5.387,7.26,2.2336,1.104112
1781080201,-11,5.738,17.378,244151.7841,126596.822111
1781080321,-46,6.038,16.619,19772.3774,7928.968732
1781080621,-44,6.168,1.0,0.01,0.00116
1781080801,29,5.777,1.0,0.0144,0.001627
1781081041,-26,5.34,1.0,0.0112,0.001454
1781081101,-28,5.245,1.0,0.01,0.001663
1781081401,34,5.017,2.909,0.0321,0.010149
1781082001,-5,5.605,9.534,35.4264,17.173237
1781082241,-12,5.842,1.0,0.01,0.001222
1781082421,-35,5.897,3.519,0.017,0.007015
1781082781,53,5.802,1.0,0.0136,0.00185
1781083081,-17,5.277,1.0,0.01,0.001584
1781084881,74,5.105,5.313,0.3084,0.090829
1781085421,48,5.208,1.0,0.011,0.001412
1781087701,-37,5.223,1.0,0.0106,0.001438
1781090161,-30,5.107,1.0,0.012,0.001747
1781090461,38,5.043,1.0,0.01,0.001842
1781090821,55,5.012,3.777,0.0946,0.03565
1781091601,3,5.145,1.0,0.011,0.001261
1781091721,-15,5.137,2.604,0.0105,0.00386
1781092441,-38,5.06,1.0,0.0115,0.001905
1781092681,35,5.168,2.029,0.01,0.00253
1781092921,2,5.142,1.0,0.01,0.001686
1781092981,-14,5.18,1.0,0.0115,0.002141
1781095921,75,8.648,60.672,1.966523266041891e+17,9.150383913505662e+16
1781096101,-44,9.528,1.0,0.01,0.001083
1781096161,-13,9.445,1.0,0.0115,0.00139
1781096401,-9,7.787,1.0,0.01,0.00118
1781096761,78,5.735,1.0,0.0135,0.001804
1781096821,70,5.543,1.0,0.01,0.001234
1781097181,50,6.132,39.97,6931295816572589.0,3002231621590128.5
1781097301,79,9.572,177.831,3.5741311094047514e+50,1.7602909554019488e+50
1781097421,14,15.757,315.085,4.905800283614302e+54,2.533134976545335e+54
1781097901,70,25.807,2.287,0.0133,0.001209
1781098021,-26,21.418,1.703,0.0104,0.001048
1781098381,71,12.215,1.0,0.01,0.001
1781098861,40,7.505,1.0,0.0143,0.001763
1781099521,62,6.373,1.0,0.01,0.001193
1781100181,-27,5.457,1.0,0.01,0.001478
1781100361,-55,5.358,1.0,0.01,0.001661
1781100481,6,5.237,1.0,0.0121,0.001604
1781100541,15,5.24,1.0,0.01,0.001567
1781100601,73,5.203,1.0,0.01,0.001031
1781100781,45,5.118,1.0,0.01,0.001568
1781102041,74,5.23,1.0,0.01,0.001351
1781102281,-36,5.21,1.811,0.01,0.001748
1781102341,-33,5.16,1.0,0.0116,0.001607
1781103181,73,7.347,29.675,455344062.342,230339595.588995
1781103781,-56,7.682,1.0,0.0113,0.001153
1781103841,-21,7.707,1.0,0.0128,0.001954
1781104081,67,7.56,2.398,0.0127,0.0022
1781104141,78,7.583,5.082,0.1454,0.055256
1781104261,46,7.682,5.366,0.1329,0.052151
1781104441,-27,7.913,9.291,1.2087,0.52151
1781104801,29,8.657,16.488,413.3106,164.42826
1781104981,-33,9.722,44.954,11024772709.0661,5717885676.060802
1781105221,65,11.707,45.054,229080965.6558,83225321.702228
1781105341,-51,12.545,28.719,1080.0936,555.090913
1781106421,60,11.322,6.932,0.1185,0.046911
1781106661,-35,11.833,21.71,157.6889,55.594478
1781107081,72,13.758,32.407,13667.0555,6937.148319
1781107321,1,14.995,28.487,677.8907,233.828337
1781107441,69,14.918,1.417,0.01,0.001143
1781107561,2,14.403,1.278,0.0129,0.001149
1781107801,51,12.485,1.161,0.01,0.001
1781107921,37,11.453,1.114,0.01,0.001
1781108161,-52,10.58,1.0,0.01,0.001
1781108521,16,9.943,1.0,0.0126,0.001681
1781108761,-19,9.485,1.0,0.0124,0.00126
1781109001,73,8.842,1.0,0.0108,0.001095
1781109061,-27,8.793,1.0,0.01,0.001027
1781109901,37,8.128,1.0,0.0129,0.001427
1781110381,36,7.748,1.0,0.0139,0.001424
1781110441,-47,7.802,1.0,0.0125,0.001929
1781110621,62,7.592,1.0,0.0109,0.001225
1781110741,39,7.477,1.0,0.0125,0.001206
1781110981,38,7.48,1.609,0.01,0.001325
1781112061,12,7.125,1.0,0.0124,0.00153
1781112241,32,6.535,1.0,0.01,0.001024
1781112841,-58,5.818,1.0,0.01,0.001484
1781113081,64,5.823,5.471,0.5349,0.259683
1781113261,12,5.952,1.012,0.01,0.001631
1781113381,43,6.043,2.939,0.0254,0.00771
1781113441,21,6.065,3.239,0.0278,0.008321
1781113921,64,6.215,5.637,0.3624,0.166218
1781114341,60,6.573,3.93,0.0661,0.026695
1781114761,-56,6.727,2.656,0.01,0.002564
1781115061,24,6.853,7.32,1.1846,0.506598
1781115241,-54,6.937,1.0,0.012,0.001406
1781115601,45,6.148,1.0,0.0112,0.001529
1781115961,-51,5.493,1.0,0.0147,0.001811
1781116381,-29,5.105,2.985,0.0152,0.005714
1781116561,63,5.288,6.421,3.0845,1.489178
1781116741,0,5.393,3.674,0.0495,0.018981
1781116801,-17,5.382,1.102,0.01,0.001665
1781116861,-5,5.345,1.0,0.01,0.001632
1781124961,-28,5.223,1.867,0.01,0.001863
1781125141,-47,5.22,1.0,0.0118,0.001397
1781125381,35,5.257,1.0,0.01,0.001559
1781125621,37,5.008,1.0,0.0134,0.002448
1781129161,7,6.368,38.303,97133995166698.62,50617476306832.43
1781129221,-42,6.667,27.299,123848389.3334,49807918.974316
1781129341,61,7.048,22.747,2101040.4481,1119394.765446
1781130121,-33,5.133,1.0,0.01,0.001502
1781131261,-18,7.835,1.0,0.01,0.001133
1781131321,-41,7.818,1.0,0.0125,0.001352
1781131441,-10,7.075,1.0,0.01,0.001161
1781131801,68,5.992,1.0,0.0123,0.001457
1781132101,57,5.745,1.0,0.0108,0.001266
1781132641,67,5.663,8.177,13.5344,4.481537
1781133301,-18,7.357,23.378,626132.6274,299392.414917
1781133421,51,8.032,35.222,7934496571.4902,3611063635.598563
1781133781,-13,10.952,42.702,137183692.4285,61785593.174096
1781133901,-54,12.707,68.265,1612437992137.3022,751968233329.0708
1781134381,-30,37.428,539.748,1.0219494759840693e+39,4.67302543901571e+38
1781134561,76,67.008,1063.037,8.785914480622689e+43,3.381013760044168e+43
1781134861,7,139.213,1345.482,2.47735670816735e+26,9.117174156362734e+25
1781134981,37,167.908,1176.69,1.0588927260810922e+19,4.751421816519371e+18
1781135281,21,222.692,514.157,391590.8802,154937.128038
1781135401,79,235.25,496.299,231469.534,109649.086868
1781135461,41,240.189,439.551,33660.779,15148.092376
1781135761,31,251.815,29.786,0.466,0.056906
1781136181,61,240.58,19.595,0.2906,0.022721
1781136421,48,235.947,17.503,0.3822,0.036861
1781136481,34,236.232,53.345,0.7762,0.151317
1781136601,-23,236.777,82.68,0.474,0.10721
1781136781,37,238.628,77.739,1.1451,0.279198
1781137141,13,239.603,22.163,0.1996,0.020875
1781137321,-42,238.018,20.552,0.0821,0.008157
1781137621,3,231.942,17.16,0.2245,0.014974
1781137681,-59,230.293,17.335,0.045,0.002935
1781137921,-52,225.617,19.769,0.0488,0.003412
1781138521,-20,207.063,18.063,0.1457,0.017247
1781139481,-6,137.663,12.661,0.1135,0.008242
1781141101,45,72.205,6.689,0.0878,0.009887
1781141161,50,71.007,5.81,0.0396,0.003398
1781141701,-14,59.29,4.642,0.0227,0.001995
1781142061,58,53.393,4.008,0.0372,0.003563
1781142481,-14,47.38,4.246,0.0159,0.001599
1781142541,10,46.512,3.395,0.0182,0.001635
1781142721,15,44.28,3.485,0.0285,0.002424
1781143081,64,39.8,3.082,0.0158,0.001497
1781143381,-18,36.408,3.331,0.01,0.001
1781143561,45,35.263,3.038,0.0166,0.001287
1781143681,17,34.068,2.562,0.0151,0.001309
1781143921,-28,32.102,2.373,0.013,0.001058
1781144281,46,30.602,2.59,0.0121,0.001
1781144641,72,28.733,2.723,0.018,0.001804
1781144761,44,27.272,2.071,0.0114,0.001
1781144881,65,26.063,1.917,0.0124,0.001009
1781145001,-6,24.765,2.184,0.01,0.001209
1781146321,30,16.632,1.365,0.01,0.001
1781146681,2,15.123,1.457,0.0114,0.001352
1781146801,75,14.707,1.195,0.01,0.001
1781146921,23,14.44,1.257,0.0125,0.001305
1781147101,23,13.737,1.245,0.01,0.001
1781147401,-22,12.823,1.0,0.0123,0.001399
1781147581,-43,12.383,1.0,0.01,0.001
1781147821,42,12.132,1.0,0.0105,0.001077
1781148121,65,11.655,1.0,0.0124,0.001177
1781148361,8,11.233,1.08,0.01,0.001057
1781148481,-24,10.97,1.051,0.01,0.001132
1781148901,17,10.42,1.0,0.01,0.001
1781149021,-35,10.613,5.801,0.0218,0.008967
1781149141,43,10.597,5.84,0.0696,0.022903
1781149201,-53,10.592,5.481,0.0114,0.00366
1781149681,48,11.152,13.168,3.6822,1.278543
1781149981,27,11.273,1.062,0.0116,0.001097
1781150281,-19,10.28,1.057,0.0141,0.001414
1781150581,-42,9.335,1.0,0.011,0.001
1781150761,72,9.102,1.0,0.0127,0.001056
1781150821,-25,9.038,1.0,0.01,0.001
1781151001,70,8.708,1.0,0.0137,0.001704
1781151301,-32,8.712,3.146,0.01,0.002534
1781151541,-23,8.505,1.0,0.01,0.001169
1781151721,34,8.528,1.0,0.0106,0.001222
1781151961,24,8.23,2.627,0.0113,0.001658
1781152021,62,8.223,3.296,0.02,0.003533
1781152141,16,8.73,20.207,5828.9285,2287.341045
1781152381,19,10.082,47.337,55123476762.2261,21056728970.779884
1781152681,10,11.077,1.117,0.01,0.001311
1781152981,39,10.128,1.0,0.01,0.001
1781153401,52,9.55,2.609,0.0121,0.002019
1781154541,-49,7.523,1.0,0.0128,0.001725
1781154781,-36,7.297,1.0,0.01,0.001177
1781155201,-55,7.357,1.0,0.01,0.001378
1781155261,-30,7.175,1.0,0.0124,0.001008
1781155681,17,6.355,1.0,0.013,0.001833
1781155801,9,6.228,2.982,0.0167,0.004067
1781155981,33,6.202,1.0,0.01,0.001409
1781156821,-24,6.643,11.622,47.9716,16.473479
1781157181,-36,6.893,1.0,0.01,0.001138
1781157781,-43,6.073,1.0,0.01,0.001377
1781158021,21,5.687,1.0,0.0106,0.001358
1781158261,-43,5.523,1.0,0.0116,0.001587
1781158861,-34,6.862,1.0,0.01,0.001194
1781159101,22,6.477,1.0,0.0123,0.001691
1781159701,64,7.785,87.444,2.533711012749921e+29,1.1604728173753457e+29
1781159821,68,11.407,207.161,2.766512212712907e+49,1.2289856230848751e+49
1781159941,39,14.847,171.731,4.935579844955066e+30,1.7969935407178898e+30
1781160181,3,20.07,11.149,0.1207,0.03397
1781160841,13,10.278,1.038,0.01,0.001
1781160901,40,9.842,1.0,0.0117,0.001252
1781160961,26,9.563,1.0,0.0118,0.001087
1781161261,-43,9.122,1.608,0.0115,0.001433
1781161681,-29,10.82,45.932,1730866162.4566,873192066.203998
1781162581,42,14.953,11.658,0.5628,0.284874
1781163541,-33,14.088,1.148,0.01,0.001026
1781163601,3,13.892,1.0,0.01,0.001
1781163661,-49,13.645,1.0,0.01,0.001
1781163841,0,12.847,1.348,0.01,0.001
1781163961,-58,12.4,1.055,0.0106,0.001115
1781164021,-20,12.17,1.0,0.0103,0.001
1781164141,17,12.16,1.297,0.01,0.001069
1781164321,65,12.093,8.047,0.2113,0.082053
1781165101,63,20.162,1.643,0.01,0.001
1781165281,-46,15.88,1.394,0.01,0.001
1781165581,79,11.812,1.0,0.0109,0.001
1781165761,48,11.735,10.406,0.6858,0.27589
1781166001,53,132.583,4105.56,6.081751188465872e+87,2.147552133371271e+87
1781166181,76,182.423,1824.006,5.868043563446664e+27,2.661244632375842e+27
1781166421,44,191.97,12.577,0.2213,0.01926
1781166541,-53,117.15,7.646,0.0159,0.001258
1781166841,44,30.035,2.467,0.0183,0.001656
1781166901,13,23.93,1.955,0.01,0.001042
1781167081,-26,13.788,1.216,0.0126,0.00117
1781167141,58,11.957,1.051,0.01,0.001
1781167441,-46,8.602,1.0,0.0115,0.001231
1781167501,45,8.34,1.0,0.01,0.001155
1781167561,50,8.205,1.0,0.01,0.001362
1781168041,25,7.437,1.0,0.01,0.001247
1781168161,12,7.26,1.0,0.01,0.001275
1781168641,-35,7.143,1.0,0.01,0.001185
1781168821,53,7.152,4.723,0.1088,0.040978
1781169061,67,7.213,1.619,0.0117,0.002225
1781169481,23,7.402,2.58,0.0114,0.003117
1781169721,55,7.252,1.0,0.0109,0.001815
1781170381,28,6.573,1.149,0.01,0.00145
1781171041,-27,6.687,1.989,0.0101,0.002069
1781171221,12,6.527,1.0,0.01,0.001027
1781171401,-23,6.373,1.0,0.0143,0.001638
1781171941,58,6.037,1.0,0.01,0.001758
1781172121,-27,5.962,4.396,0.0619,0.0262
1781172301,30,5.957,6.241,0.801,0.47344
1781172421,17,6.113,1.0,0.01,0.001287
1781173621,22,5.76,1.0,0.01,0.001512
1781173981,32,5.562,2.221,0.01,0.003038
1781174221,54,5.897,10.346,130.8766,50.121214
1781174641,9,6.492,1.04,0.01,0.001315
1781175061,51,6.265,1.0,0.011,0.001403
1781175661,65,6.547,3.457,0.0386,0.015241
1781176201,71,6.24,1.0,0.01,0.001193
1781176321,-34,6.277,1.0,0.01,0.001339
1781176621,41,6.243,1.808,0.01,0.001835
1781177221,26,17.055,196.546,4.985948099327983e+30,1.3589042138491505e+30
1781177281,7,18.717,141.771,2.546238665778329e+19,7.773817521438849e+18
1781177881,-47,15.757,1.337,0.01,0.001115
1781178001,-29,13.533,1.0,0.01,0.001
1781178121,60,11.862,1.0,0.0126,0.00116
1781178481,-44,9.273,1.0,0.01,0.001
1781178901,23,7.943,1.0,0.0128,0.001417
1781179141,-54,7.401,1.0,0.01,0.001337
1781179261,64,7.175,1.0,0.0119,0.001685
1781179441,14,7.027,1.0,0.0118,0.001338
1781180221,-31,6.175,1.0,0.0106,0.001489
1781180701,12,6.008,5.369,0.1673,0.085604
1781181361,43,5.55,1.0,0.0102,0.00136
1781181481,-24,5.448,1.0,0.01,0.001675
1781181541,76,5.368,2.305,0.01,0.002345
1781181661,48,5.418,1.0,0.01,0.001411
1781182261,-12,5.383,1.06,0.01,0.001777
1781182321,15,5.347,1.354,0.0112,0.001684
1781182381,32,5.433,2.685,0.0228,0.005852
1781182501,49,5.363,1.0,0.01,0.001107
1781182621,60,5.3,1.0,0.01,0.001336
1781182741,25,5.235,1.0,0.01,0.001501
1781182801,1,5.228,1.0,0.01,0.001167
1781183641,49,5.625,1.041,0.01,0.001485
1781183761,-29,5.728,3.249,0.0158,0.005012
1781184061,-22,5.675,1.0,0.01,0.001507
1781184241,-43,5.528,1.0,0.0122,0.00188
1781184961,-31,5.052,1.0,0.0112,0.002149
1781186401,3,5.213,14.521,47809.5115,20674.245999
1781186461,29,5.355,20.081,40023178.5008,18174696.716246
1781186581,-31,5.565,13.954,6135.2321,2816.216066
1781186701,-47,5.803,9.088,5.6671,3.238924
1781186821,64,5.9,1.0,0.01,0.001251
1781186881,77,5.865,1.0,0.01,0.001012
1781187001,46,5.88,1.0,0.01,0.001851
1781189161,21,5.003,20.413,254063064.9981,150709224.487841
1781189221,-21,5.313,28.665,1050256793177.1543,410879530345.2221
1781189761,56,7.957,1.0,0.01,0.001122
1781189881,65,7.732,1.0,0.01,0.001
1781189941,60,7.425,1.0,0.01,0.001169
1781190301,70,5.495,1.0,0.01,0.001563
1781190361,45,5.392,1.0,0.0155,0.001701
1781190481,43,5.267,1.255,0.01,0.001529
1781191501,-13,8.913,1.0,0.0121,0.001528
1781192101,-11,6.843,1.0,0.01,0.001
1781192401,40,6.413,5.924,0.556,0.304129
1781193121,55,6.345,1.0,0.0101,0.001215
1781193181,23,6.258,1.0,0.01,0.001273
1781193721,25,6.028,3.846,0.0429,0.019658
1781193781,-39,5.995,1.0,0.01,0.001257
1781194021,-2,5.96,1.0,0.01,0.001309
1781194081,12,5.847,1.0,0.0114,0.001433
1781194141,74,5.755,1.0,0.0101,0.001256
1781194741,40,6.452,33.413,732780887099.8274,371051975078.15466
1781195701,27,11.198,1.033,0.0109,0.001166
1781195821,3,10.83,1.0,0.01,0.001
1781195881,25,10.742,1.0,0.0104,0.001157
1781196061,-48,9.89,1.0,0.0102,0.001236
1781196421,-13,8.057,1.0,0.01,0.001
1781196481,35,7.772,1.0,0.01,0.001347
1781196661,37,7.195,1.0,0.01,0.001068
1781196841,-15,7.193,5.622,0.0746,0.020719
1781197081,-40,7.797,23.321,140791.8602,70378.121939
1781197441,-23,11.073,79.396,3.469616125266921e+17,1.5905607102810016e+17
1781197801,63,16.32,47.723,971289.4645,491733.369068
1781197921,37,17.092,1.299,0.01,0.001
1781198221,-19,12.585,1.0,0.01,0.001
1781198281,64,11.558,1.0,0.0113,0.001309
1781198401,64,9.613,1.0,0.01,0.001026
1781198581,29,7.383,1.0,0.01,0.001585
1781198641,34,6.915,1.0,0.01,0.001
1781199001,-29,5.875,1.0,0.0108,0.001456
1781199841,-47,5.968,1.0,0.0108,0.001387
1781200981,11,5.267,1.0,0.0142,0.002211
1781201641,-7,7.443,6.7,0.2752,0.090807
1781202001,-54,7.128,1.0,0.01,0.001294
1781202241,-36,6.515,1.0,0.01,0.001227
1781202721,31,5.903,12.566,719.1967,384.241251
1781202781,64,6.042,14.633,8942.0237,3663.842284
1781203321,67,7.433,1.0,0.01,0.00101
1781203381,26,7.31,1.0,0.01,0.00105
1781203441,66,6.962,1.0,0.0108,0.001342
1781203501,33,6.673,1.0,0.01,0.001598
1781203561,-16,6.412,1.0,0.0112,0.001126
1781203741,23,5.665,1.0,0.0123,0.00132
1781205541,66,5.308,4.839,0.2939,0.138851
1781206021,-29,5.447,1.0,0.0135,0.001871
1781206081,75,5.43,1.0,0.01,0.001286
1781206141,49,5.405,1.0,0.0146,0.002033
1781206321,24,5.458,1.0,0.0119,0.002064
1781206441,1,5.4,1.0,0.012,0.001614
1781206501,13,5.487,9.669,85.7409,38.323091
1781206801,8,6.533,19.511,264191.3506,136183.959573
1781207461,39,6.132,4.472,0.1231,0.061811
1781207821,31,6.833,17.078,18912.7703,8185.536366
1781208061,66,8.998,62.305,8.748375662037216e+16,3.168244363121032e+16
1781208121,56,9.967,70.052,2.5771963654973926e+17,1.2430151317078795e+17
1781208661,-23,17.757,14.907,0.6142,0.281753
1781208721,28,17.79,2.876,0.0127,0.001667
1781209021,57,16.347,1.525,0.0119,0.001253
1781209141,-50,15.395,1.169,0.01,0.001028
1781209621,-32,14.37,15.818,1.6415,0.837065
1781209861,-24,13.585,1.273,0.0115,0.001041
1781209981,6,12.55,1.0,0.01,0.001108
1781210101,-30,11.39,1.0,0.0122,0.001
1781210161,-6,10.877,1.0,0.0131,0.001095
1781210401,5,9.308,1.0,0.0113,0.001215
1781210461,61,9.128,1.0,0.0108,0.001033
1781210701,16,8.582,1.0,0.0104,0.001091
1781211181,-47,8.062,7.975,0.2278,0.129412
1781211421,-28,8.232,2.649,0.01,0.001932
1781211481,-22,8.175,1.0,0.0135,0.001563
1781211601,36,7.977,1.0,0.0125,0.00112
1781211961,52,7.172,5.995,0.3461,0.158076
1781212321,4,8.857,46.511,1206885061557.2437,542867035571.45844
1781212441,36,9.747,42.469,7605595550.1726,3027558311.611992
1781212561,34,10.53,35.724,7693962.7581,3569139.767704
1781212981,61,12.295,17.794,47.4035,21.220116
1781213221,-38,13.343,26.766,689.0807,426.213442
1781213281,48,14.197,63.743,11336257675.2968,4800901042.970119
1781213401,0,17.07,107.837,4532468963181116.0,2047465462126887.0
1781213581,-9,20.393,125.8,1581020499480704.2,599297240838688.9
1781214001,12,20.493,1.737,0.0104,0.001
1781214601,-11,15.17,1.177,0.012,0.001
1781214841,45,14.003,1.0,0.0118,0.001049
1781215141,20,13.352,1.0,0.0105,0.001081
1781215741,69,20.402,134.787,5.04207437108575e+16,1.85867651860848e+16
1781215801,28,21.838,114.132,4931591112575.227,1990444361533.9553
1781215921,25,24.787,75.951,2876176.6066,1586521.021996
1781215981,50,25.875,100.704,1291708022.2584,463909899.447666
1781216581,34,24.03,1.748,0.01,0.001
1781216701,-52,22.482,1.68,0.0111,0.001109
1781216761,18,21.663,1.754,0.0101,0.001
1781216881,33,19.987,1.106,0.0142,0.001107
1781217001,-50,18.48,1.34,0.0125,0.001074
1781217121,-14,17.15,1.584,0.0104,0.001053
1781217241,-27,16.168,1.292,0.01,0.001
1781217301,39,15.723,1.522,0.0107,0.001
1781217361,-54,15.39,1.251,0.01,0.001
1781217421,20,14.952,1.323,0.01,0.001
1781218081,30,10.288,1.0,0.0121,0.001237
1781218141,12,9.823,1.0,0.01,0.001
1781218261,42,9.12,1.0,0.0124,0.001846
1781218321,52,8.758,1.0,0.0116,0.001078
1781218681,44,7.723,1.0,0.01,0.001235
1781218921,6,7.807,10.877,8.4748,3.70041
1781219101,26,7.823,1.0,0.0119,0.001375
1781219341,-25,7.435,1.0,0.01,0.001065
1781219701,57,6.265,1.0,0.0124,0.002253
1781220901,37,6.525,53.246,2.4321392241058637e+20,9.329812369468272e+19
1781221021,-30,7.687,55.916,4.1793025043805894e+17,2.2264831859712186e+17
1781221261,-53,9.775,34.955,6867363.194,2848394.976404
1781221381,-23,11.087,39.72,20253840.9473,11505277.928701
1781221621,-5,14.463,110.603,2.018023165925767e+19,8.424124384167004e+18
1781222221,-29,17.278,1.651,0.01,0.001188
1781222341,11,16.565,1.36,0.012,0.001
1781222701,-18,13.59,1.0,0.01,0.001
1781222761,54,13.16,1.067,0.01,0.001
1781222941,43,11.822,1.0,0.01,0.001025
1781223121,50,10.618,1.0,0.0131,0.001314
1781223481,19,9.062,1.0,0.01,0.001
1781223781,45,8.173,1.0,0.01,0.001109
1781224201,37,7.062,1.0,0.01,0.001354
1781224261,49,6.892,1.0,0.01,0.001323
1781224321,-29,6.84,1.0,0.01,0.001
1781224561,59,6.357,1.0,0.01,0.001146
1781225041,53,5.257,1.0,0.0126,0.001921
1781225821,-23,5.237,1.0,0.01,0.00189
1781226061,72,5.127,1.0,0.0111,0.001404
1781226661,2,5.19,12.269,2432.4608,966.88261
1781226961,-35,6.07,18.553,215517.9629,79127.817459
1781227081,-42,6.253,3.47,0.0106,0.003431
1781227321,77,6.013,1.0,0.013,0.001377
1781227501,-46,5.493,1.0,0.0109,0.001396
1781230201,66,96.555,84.357,6.4221,2.901142
1781230261,8,98.637,8.375,0.0584,0.005948
1781230441,41,73.05,3.978,0.0507,0.004484
1781230861,47,20.21,140.743,6.576625988204673e+17,3.8568693331589946e+17
1781230921,58,22.232,268.223,3.3841878290313915e+32,1.3729787906511821e+32
1781231281,-11,40.225,207.952,4923211441738.665,1798102638538.4202
1781231941,-9,30.293,2.553,0.0134,0.001242
1781232241,55,24.807,2.04,0.0163,0.001638
1781232661,17,19.702,1.951,0.01,0.001
1781232961,-4,14.952,1.0,0.01,0.001
1781233261,38,11.918,1.074,0.0129,0.001055
1781233381,-8,11.365,1.0,0.0105,0.001
1781233501,26,10.953,1.0,0.0112,0.001093
1781233681,10,10.33,1.0,0.01,0.001
1781233861,-35,9.768,1.0,0.0135,0.001081
1781234101,-23,8.987,1.0,0.0114,0.0017
1781234341,74,8.278,1.0,0.01,0.001
1781234401,-58,7.988,1.0,0.01,0.001143
1781234941,-25,7.26,1.0,0.0133,0.001582
1781235001,74,7.332,1.0,0.01,0.001255
1781235121,-60,7.307,1.0,0.01,0.001035
1781235301,69,7.285,4.328,0.0436,0.017397
1781235421,0,7.34,6.365,0.229,0.101594
1781236081,-26,7.392,9.985,2.9327,1.675523
1781236621,-12,8.337,1.0,0.01,0.001
1781253841,-12,5.037,4.969,0.2363,0.121051
1781261161,-16,5.433,20.958,40129681.0567,16049005.992933
1781266201,0,8.743,130.271,4.866191889063412e+39,2.0655049082744802e+39
1781266441,46,11.505,22.339,853.09,338.392265
1781266621,18,11.005,1.0,0.01,0.001037
1781266681,75,9.91,1.0,0.011,0.001185
1781273701,29,6.195,3.007,0.0189,0.006003
1781273761,77,6.19,6.408,0.9039,0.352567
1781273821,40,6.165,6.554,0.7924,0.398044
1781274241,-42,6.365,1.0,0.01,0.001161
1781275081,-19,7.557,40.876,2327438665007.95,1188422025261.749
1781275261,12,8.953,52.258,71858509611215.33,41097315788031.13
1781275381,18,9.85,26.294,46100.1475,18228.587873
1781275441,-10,10.06,16.715,52.9903,25.386953
1781275981,-52,9.168,1.0,0.0104,0.001336
1781276041,42,8.985,1.0,0.013,0.001514
1781276341,74,8.622,1.0,0.0108,0.001
1781276401,-17,8.567,1.0,0.0137,0.001581
1781276881,43,8.123,3.106,0.0159,0.003144
1781276941,72,8.152,9.636,3.3785,1.437451
1781277061,14,8.152,6.442,0.1847,0.07071
1781277241,-54,7.908,1.0,0.0114,0.001107
1781277481,-44,7.328,1.0,0.0115,0.001276
1781277601,48,6.965,1.0,0.01,0.001162
1781277661,24,6.822,1.0,0.01,0.001042
1781278141,43,6.52,1.0,0.01,0.001124
1781278921,-8,7.152,8.126,1.0793,0.497072
1781278981,0,7.303,8.844,2.163,0.873294
1781279341,3,8.402,17.042,617.5882,350.861894
1781279521,32,9.025,10.698,3.4777,1.557393
1781279701,48,9.463,10.526,3.1135,1.675682
1781279821,-11,9.72,13.937,11.6557,6.029299
1781280421,44,13.712,46.651,19744473.6191,9612754.997542
1781281801,-28,15.79,1.306,0.01,0.001049
1781281921,73,15.377,1.176,0.01,0.001
1781282041,-33,15.09,1.333,0.0113,0.001116
1781282821,-20,13.588,1.0,0.01,0.001139
1781283121,56,13.282,1.34,0.01,0.001232
1781283481,73,12.798,1.0,0.0115,0.001002
1781283661,-44,12.948,6.833,0.025,0.007329
1781283841,77,13.325,15.513,4.7115,2.368379
1781284201,-26,13.883,7.594,0.0381,0.010161
1781284261,28,13.988,2.987,0.01,0.001686
1781284381,22,13.948,1.031,0.01,0.001
1781284501,-51,13.845,1.207,0.0122,0.001
1781284681,19,13.45,1.116,0.0119,0.001095
1781284801,49,13.397,1.118,0.0115,0.001
1781284981,29,13.622,16.382,8.5119,3.923955
1781285041,49,13.727,11.308,0.6523,0.285525
1781285101,-46,13.843,12.604,0.3394,0.125522
1781285221,-29,14.083,17.678,2.7939,1.502555
1781285581,-58,13.66,1.0,0.0112,0.001
1781285701,30,13.077,1.0,0.01,0.001
1781285821,78,12.452,1.027,0.01,0.001
1781285881,-53,12.213,1.019,0.0147,0.001407
1781286061,51,11.425,1.0,0.0105,0.001
1781286481,-60,10.028,1.0,0.01,0.001
1781287381,-16,9.583,1.0,0.0106,0.001
1781287741,13,8.692,1.0,0.0116,0.001526
1781287921,-57,8.275,1.0,0.0144,0.001324
1781288101,-1,7.79,1.0,0.0103,0.001191
1781288461,-27,8.255,32.998,160635549.6514,74295024.170773
1781288641,-37,8.57,15.004,54.7317,24.71774
1781288821,-59,8.643,1.0,0.01,0.00104
1781288941,42,8.333,1.0,0.0108,0.001
1781289661,-56,7.368,6.303,0.0303,0.014298
1781289841,73,7.957,26.811,5989870.2245,3242657.488147
1781290261,-46,11.573,40.989,8628982.6017,4030541.872595
1781290381,77,12.977,70.912,12860389232688.848,6009913219368.535
1781291221,46,31.113,102.693,30502892.7319,13823110.496791
1781291761,58,37.533,16.706,0.3281,0.104624
1781292061,-4,39.618,45.256,19.7724,8.412132
1781292661,-43,42.087,21.802,0.1614,0.049884
1781292841,-60,41.938,3.275,0.0111,0.001282
1781292961,-58,41.623,4.088,0.01,0.001131
1781293261,-32,38.887,3.736,0.01,0.001
1781293441,-16,37.317,2.299,0.01,0.001
1781293561,-30,35.965,2.524,0.01,0.001
1781294461,60,29.022,2.618,0.0219,0.001956
1781294581,-13,28.59,2.932,0.0102,0.001093
1781294701,-6,28.59,2.081,0.0107,0.001
1781294761,-8,28.367,2.381,0.0106,0.001003
1781295181,17,24.963,2.016,0.0109,0.001
1781295301,-31,23.753,1.557,0.01,0.001
1781295781,63,21.107,1.711,0.0104,0.001
1781295841,-10,21.227,7.54,0.0406,0.010197
1781295961,51,21.143,1.371,0.01,0.001
1781296801,3,18.913,4.535,0.0147,0.00281
1781296861,42,19.085,2.963,0.0206,0.002386
1781297101,-21,19.273,8.233,0.0332,0.007616
1781297161,3,19.153,1.996,0.01,0.001
1781297581,60,17.942,1.386,0.0108,0.001
1781297941,-17,16.745,1.249,0.0105,0.001
1781298181,-46,16.855,9.939,0.0555,0.016115
1781298241,-55,16.846,12.581,0.1013,0.045951
1781298601,32,16.46,1.222,0.01,0.001
1781298661,44,16.298,1.403,0.0142,0.001289
1781299021,73,15.762,11.424,0.4375,0.175973
1781299081,60,15.85,14.693,1.8106,0.931187
1781299141,61,15.91,19.213,15.8669,7.097886
1781299261,47,16.015,14.355,0.4863,0.219086
1781299381,-51,16.292,1.24,0.01,0.001
1781299501,46,16.252,1.029,0.01,0.001
1781299741,-28,15.358,1.376,0.01,0.001
1781300161,-23,14.458,14.146,1.112,0.492783
1781300941,-21,17.255,1.706,0.0117,0.001301
1781301301,-1,17.99,29.599,114.4689,63.591263
1781302621,14,21.01,2.355,0.01,0.001
1781303821,-26,17.428,1.572,0.01,0.001
1781303941,-57,17.05,2.01,0.011,0.00117
1781304121,-4,16.668,1.399,0.0127,0.001
1781304601,-52,14.92,1.306,0.0101,0.001041
1781304661,79,14.972,1.171,0.01,0.001
1781304721,-4,14.905,3.12,0.0133,0.001762
1781304781,28,15.067,6.306,0.0414,0.010989
1781304961,-24,15.443,14.782,0.9496,0.444081
1781305561,51,20.632,51.07,70698.1641,38395.051657
1781305741,74,21.778,8.552,0.1063,0.025088
1781305861,12,21.822,1.789,0.0109,0.001215
1781306581,1,18.035,1.414,0.01,0.001
1781306821,12,17.193,1.325,0.01,0.001
1781306881,35,17.018,1.694,0.01,0.001
1781307241,-46,14.61,1.0,0.0107,0.001
1781308141,-32,8.88,1.0,0.01,0.001055
1781308801,-41,7.484,1.0,0.01,0.001142
1781308981,63,7.367,1.474,0.0121,0.001361
1781309041,-6,7.348,1.0,0.0102,0.001
1781309881,28,5.352,1.0,0.0107,0.001306
1781312161,50,5.393,24.744,9449091607.6405,5066235830.925511
1781312641,-27,6.655,1.0,0.0119,0.001387
1781313361,31,6.337,1.0,0.01,0.001332
1781313481,22,5.59,1.0,0.0109,0.001555
1781313781,-41,5.065,1.092,0.011,0.001521
1781314021,68,5.117,1.0,0.0109,0.001481
1781314081,69,5.085,1.0,0.0108,0.001976
1781315581,10,5.818,5.85,0.458,0.11707
1781315641,-1,6.092,14.662,4306.9386,1992.811298
1781315941,-45,10.26,98.826,2.61745096303309e+24,7.594000763621113e+23
1781316181,17,15.458,82.105,3988889281355.572,1788373119700.5938
1781316601,27,32.687,242.496,1.4993068560956203e+19,6.541754517470971e+18
1781317081,-33,34.942,3.195,0.0122,0.001384
1781317201,45,31.983,2.721,0.0166,0.001727
1781317441,54,27.417,2.282,0.0122,0.001338
1781318401,58,17.193,1.173,0.0123,0.001115
1781318701,78,14.91,1.316,0.0117,0.001228
1781318761,17,14.753,5.668,0.0344,0.009503
1781319301,-13,14.342,1.138,0.01,0.001
1781319481,66,13.07,1.039,0.01,0.001
1781319721,35,10.628,1.056,0.01,0.001016
1781320081,-50,7.272,1.0,0.01,0.001256
1781320261,40,6.248,1.0,0.0103,0.001415
1781325001,62,5.008,1.293,0.01,0.001891
1781329501,57,5.372,1.153,0.0131,0.001979
1781329681,0,5.962,31.204,327333166290.9952,160088188157.34427
1781330701,22,5.598,1.0,0.0103,0.001193
1781330761,66,5.562,1.0,0.01,0.001253
1781331421,56,5.227,1.0,0.0133,0.001518
1781332261,54,5.072,1.0,0.012,0.001948
1781332381,0,5.008,1.0,0.01,0.001512
1781332561,8,5.16,15.428,135686.8783,53893.99598
1781332681,3,5.687,26.137,8198013323.3631,3270878542.154052
1781332981,-45,8.838,93.92,1.0930499692721828e+27,6.259101812006031e+26
1781333161,-17,11.517,85.38,2.398012920553841e+18,8.980098221173146e+17
1781333461,22,13.315,1.261,0.01,0.001098
1781333521,45,13.018,1.176,0.0103,0.001104
1781333941,-3,11.157,32.114,205020.6935,98281.974116
1781334361,-46,13.163,1.002,0.0102,0.001
1781334661,-26,10.997,1.0,0.01,0.001
1781335681,53,6.402,1.0,0.0109,0.001428
1781335741,43,6.283,1.0,0.01,0.00144
1781335921,66,5.837,1.0,0.01,0.001101
1781336641,58,5.222,1.0,0.01,0.001195
1781338501,-13,5.287,37.199,5.363104003340447e+16,2.670495331383334e+16
1781339221,41,8.46,1.0,0.0101,0.001
1781339521,-58,6.515,1.0,0.01,0.001371
1781339761,38,6.238,13.019,698.0449,351.647949
1781339821,-16,6.407,22.856,4789210.6513,2259644.75003
1781339881,2,6.635,32.648,61208286275.4329,22155258464.713543
1781340301,-7,7.987,1.0,0.011,0.001
1781340361,-52,7.96,1.0,0.01,0.001264
1781340661,-4,6.773,1.0,0.0102,0.001472
1781340901,-12,5.887,1.0,0.01,0.001249
1781341081,70,5.497,1.0,0.01,0.001343
1781341261,35,5.372,1.0,0.01,0.001259
1781341381,-52,5.367,1.589,0.01,0.001869
1781341921,1,6.012,3.725,0.04,0.013321
1781341981,21,6.018,1.0,0.0108,0.00132
1781342161,-29,5.695,1.0,0.0102,0.001393
1781342221,49,5.63,1.0,0.0109,0.001845
1781343421,39,5.998,1.0,0.01,0.001097
1781343481,-51,6.102,1.0,0.01,0.001703
1781344261,-31,6.897,1.0,0.01,0.00113
1781344501,35,5.568,1.0,0.0102,0.001825
1781344681,74,5.543,3.169,0.0349,0.012814
1781344801,28,5.628,5.836,0.7041,0.269536
1781345221,-14,6.225,3.418,0.0223,0.008738
1781345761,20,6.248,1.0,0.01,0.001145
1781345881,16,6.14,1.0,0.01,0.001109
1781346121,25,5.62,1.0,0.0141,0.002361
1781346241,7,5.385,1.0,0.01,0.001321
1781349301,70,5.182,27.731,1368291624664.0696,587229310510.1053
1781349901,3,6.728,1.0,0.0102,0.001356
1781350021,-31,6.2,1.0,0.01,0.001332
1781350081,-58,6.04,1.0,0.0102,0.001258
1781350141,21,5.973,1.0,0.01,0.001202
1781350621,56,6.21,2.204,0.0103,0.002791
1781350681,-27,6.25,3.734,0.0208,0.006381
1781350921,-27,6.123,1.0,0.0123,0.001898
1781350981,-47,6.01,1.0,0.01,0.001507
1781351041,19,5.942,1.0,0.01,0.001399
1781351101,12,5.868,1.0,0.01,0.001579
1781351341,-22,5.525,1.588,0.0106,0.002194
1781351761,28,5.272,1.0,0.01,0.001005
1781351821,-5,5.227,1.0,0.01,0.001435
1781351941,-2,5.105,1.0,0.01,0.00119
1781352001,-34,5.037,1.0,0.0129,0.001521
1781352061,66,5.043,1.0,0.0118,0.001824
1781352121,-2,5.035,3.535,0.0664,0.035637
1781353021,-34,7.274,4.874,0.0372,0.018485
1781353081,2,7.239,1.0,0.0106,0.001128
1781353261,35,7.095,1.0,0.01,0.001
1781353321,65,7.025,1.0,0.01,0.001167
1781353561,36,6.703,1.0,0.01,0.00106
1781353741,47,6.348,1.0,0.01,0.00122
1781354221,48,7.545,58.647,3.0695584771444863e+19,1.197724757736046e+19
1781354521,77,14.752,211.694,4.242543754676894e+38,1.8814306938994414e+38
1781354641,55,19.967,227.591,3.295218861009502e+30,1.3587134508887512e+30
1781354761,69,26.37,326.546,2.778653141595365e+33,1.6194436382832742e+33
1781355061,32,47.628,426.244,8.188777634013213e+23,3.967263494956194e+23
1781355241,50,60.532,406.842,7.489493275399987e+17,2.606932218064263e+17
1781355481,15,74.69,230.559,21201558.9773,9450233.485475
1781355961,-7,79.373,6.073,0.0297,0.002026
1781356201,-44,75.578,6.1,0.0161,0.001162
1781356321,54,73.843,5.808,0.0533,0.005178
1781356441,-51,71.71,4.021,0.0106,0.001
1781356501,-28,70.057,5.982,0.0244,0.002503
1781357221,-3,51.387,3.989,0.0225,0.001596
1781357461,-49,45.747,3.798,0.0117,0.001
1781357701,-24,41.353,3.562,0.0116,0.001054
1781357821,-55,39.185,3.141,0.0102,0.001067
1781357881,28,38.192,3.04,0.0269,0.002724
1781357941,58,37.363,3.464,0.0292,0.00201
1781358541,33,28.792,2.221,0.01,0.001
1781358841,36,25.287,1.65,0.0118,0.001034
1781359081,59,22.748,1.461,0.0136,0.001497
1781359561,-59,19.608,1.451,0.01,0.001001
1781361541,3,15.302,66.576,8278770632.4932,4011050315.204908
1781361841,35,17.082,19.733,6.7995,3.321916
1781361901,13,17.388,1.382,0.0108,0.001189
1781363401,21,7.925,1.0,0.01,0.001199
1781364061,71,6.963,1.0,0.0113,0.00128
1781364181,75,6.932,1.0,0.01,0.001437
1781364841,48,6.59,1.632,0.01,0.001416
1781364961,-11,6.607,1.0,0.01,0.001428
1781365141,-23,6.698,1.0,0.0125,0.001242
1781365321,-11,6.588,4.915,0.0776,0.036109
1781365441,19,6.602,1.0,0.0125,0.00134
1781365681,23,6.387,1.0,0.0121,0.001434
1781365801,-31,6.218,1.0,0.0111,0.001796
1781366281,-9,5.852,1.0,0.01,0.001475
1781366341,33,5.807,1.0,0.0114,0.001705
1781366581,13,5.823,9.368,19.5228,8.756381
1781366941,55,6.048,1.0,0.0117,0.001345
1781367121,37,5.848,1.0,0.01,0.001485
1781367901,58,5.638,7.307,5.3824,2.284542
1781368381,-39,5.72,1.0,0.0143,0.002086
1781369281,58,5.032,3.538,0.0788,0.032546
1781371681,58,5.092,2.733,0.0367,0.012676
1781371801,42,5.047,1.0,0.01,0.001291
1781373121,-18,7.312,25.79,8071577.3108,3699926.735
1781373361,0,8.192,1.0,0.0108,0.001486
1781373481,-31,8.013,1.0,0.0119,0.001536
1781373781,-37,6.595,1.0,0.01,0.001069
1781373901,-40,5.873,1.0,0.01,0.001626
1781374081,13,5.092,1.0,0.01,0.001368
1781376421,49,6.475,27.023,980818321.0105,431934111.761758
1781376601,68,7.065,7.948,2.6963,1.036502
1781376721,-41,7.068,1.0,0.01,0.001115
1781376901,-24,6.707,1.0,0.0109,0.00136
1781377801,-9,5.462,1.0,0.01,0.001422
1781377861,-28,5.462,1.0,0.0109,0.001817
1781386561,8,5.367,1.0,0.0104,0.001463
1781386621,53,5.363,1.0,0.01,0.001486
1781386681,74,5.383,1.0,0.0116,0.00181
1781386981,-3,5.333,3.519,0.0357,0.013854
1781390581,57,9.015,1.0,0.01,0.001046
1781391001,-24,6.49,1.0,0.0106,0.001
1781391061,-11,6.127,1.0,0.0119,0.00146
1781391181,-38,5.497,1.0,0.01,0.001811
1781396581,52,5.052,21.612,1093260516.4684,433659851.113904
1781406601,-14,5.047,4.083,0.0691,0.031073
1781407021,-27,5.138,1.0,0.01,0.001511
1781425021,46,4.228,1.494,0.01,0.002426
1781425321,47,4.198,1.0,0.01,0.001503
1781425801,25,3.543,1.0,0.0126,0.002268
1781425861,56,3.475,1.0,0.0112,0.002334
1781425981,48,3.373,1.0,0.0133,0.002673
1781426041,53,3.273,1.0,0.01,0.002546
1781426101,23,3.233,1.0,0.01,0.001866
1781426341,35,3.275,6.382,190.3184,80.037481
1781426461,61,3.453,11.909,3209301.7069,1823449.804066
1781426581,48,3.838,21.138,3211002856238.894,1472326564703.7588
1781426641,22,4.178,28.099,7735447938426969.0,4151277192195898.5
1781426881,52,16.817,394.678,1.0429470919871113e+65,4.7805330151245265e+64
1781427121,-20,27.803,226.939,1.0878935594342574e+21,4.3105889090590455e+20
1781427481,13,25.7,2.294,0.01,0.001
1781428261,38,8.983,1.0,0.0105,0.001
1781428381,-60,7.79,1.0,0.01,0.001024
1781432641,-25,5.905,26.31,1975868486.9259,953273216.237679
1781432701,75,6.268,25.632,551746659.6234,252232022.347779
1781432881,37,7.267,21.829,422512.0869,210860.187249
1781433181,-54,8.073,12.079,5.1611,2.641952
1781433661,6,12.102,56.801,56977350697.8898,24049243051.73957
1781434141,67,13.1,1.0,0.01,0.001
1781434621,-3,10.47,6.061,0.0789,0.032756
1781434741,35,10.515,9.135,0.5578,0.212946
1781434981,29,10.667,1.0,0.01,0.001
1781436421,-50,7.793,1.0,0.0138,0.001415
1781436541,16,7.172,1.0,0.0109,0.001194
1781436901,0,6.378,1.0,0.0131,0.001233
1781437021,77,6.232,2.09,0.0114,0.002801
1781437081,-22,6.168,1.2,0.0124,0.001646
1781437381,41,6.65,15.105,4286.9911,2321.779587
1781437561,-13,7.305,23.369,1005515.056,293865.158466
1781437921,-7,8.4,1.0,0.01,0.001101
1781438101,11,7.652,1.0,0.0121,0.001234
1781438581,-39,5.743,1.0,0.01,0.001348
1781438701,-22,5.765,1.0,0.01,0.001208
1781438761,-30,5.752,1.0,0.01,0.001644
1781439541,26,17.83,5.633,0.0286,0.007096
1781439841,51,18.103,7.716,0.0664,0.020677
1781439901,33,18.282,20.569,5.4316,2.614292
1781440141,44,19.355,27.65,35.7862,11.88891
1781440381,72,18.082,1.213,0.0105,0.001
1781440441,64,17.318,1.298,0.0126,0.001201
1781440801,29,10.818,1.0,0.0154,0.001589
1781441041,43,8.687,1.0,0.0143,0.001
1781441461,49,14.552,179.284,1.0004476507543837e+33,4.261419367829721e+32
1781441641,-28,20.635,174.611,3.361551089864419e+21,1.2912175878501507e+21
1781442421,56,11.363,1.0,0.0151,0.001669
1781442481,-25,10.295,1.0,0.0111,0.001135
1781443081,-56,5.598,1.0,0.0139,0.001716
1781444281,49,5.168,1.0,0.01,0.001667
1781447041,40,5.482,3.488,0.0515,0.011542
1781447341,6,6.322,18.961,223266.5168,86019.012216
1781447401,-15,6.522,19.729,243148.1085,114646.445822
1781447461,65,6.678,25.41,103340664.5286,47283200.101473
1781447821,-45,7.273,1.0,0.0138,0.001588
1781448421,74,6.082,1.0,0.0118,0.001619
1781448901,37,5.093,1.0,0.01,0.001411
1781466361,23,5.29,2.445,0.0106,0.003387
1781466421,60,5.328,4.107,0.1315,0.069414
1781466781,17,5.065,1.0,0.01,0.001086
1781466841,-19,5.045,1.0,0.0102,0.001557
1781468641,77,5.288,18.417,8121391.9309,4514100.18819
1781469181,50,5.248,1.0,0.0117,0.001426
1781487181,45,3.877,1.0,0.01,0.001867
1781487241,35,3.937,1.0,0.0113,0.001756
1781487481,53,3.963,10.648,17264.9303,8441.191841
1781487721,32,4.317,7.376,36.9345,21.45636
1781487781,61,4.332,5.155,2.0522,0.787332
1781487961,42,4.51,5.035,1.5362,0.613653
1781488261,66,7.57,65.198,1.184872539907158e+22,4.516665256902294e+21
1781488321,60,8.27,79.647,6.756862195021009e+24,2.8454711603011296e+24
1781488381,50,8.972,90.794,1.143351562696947e+26,6.336934610920284e+25
1781488441,71,9.947,76.938,2.759361725325197e+19,1.4385380297374142e+19
1781489041,41,29.39,176.626,1889712130860895.8,837011144834320.6
1781489101,-16,31.352,168.992,17714038172272.773,6455235187857.684
1781489281,76,33.063,13.607,0.1078,0.031219
1781489701,-36,20.362,1.03,0.01,0.001
1781490121,31,8.328,1.0,0.01,0.001099
1781490301,29,6.598,1.0,0.0126,0.001592
1781490421,-6,6.407,6.655,0.359,0.158537
1781490601,32,7.105,29.573,640002746.5781,228351070.833268
1781490661,21,7.487,39.566,1194331311760.149,498213699316.82556
1781490721,-40,7.792,28.686,14627317.3375,4891088.207449
1781490901,69,8.522,9.417,1.9535,0.89628
1781490961,-38,8.652,2.155,0.01,0.001814
1781491021,30,8.722,1.0,0.01,0.001282
1781491141,-25,8.627,1.0,0.011,0.001203
1781492041,9,5.91,1.0,0.01,0.001369
1781492281,13,5.673,6.692,1.376,0.727609
1781492641,-42,7.033,28.257,130000081.5296,61510788.254073
1781492941,-40,8.702,14.947,46.64,22.801656
1781493301,53,8.43,1.0,0.0102,0.001
1781493661,-16,7.225,1.547,0.01,0.001684
1781493781,-38,7.408,12.057,15.656,8.091226
1781493841,9,7.588,12.624,48.7433,17.643146
1781493961,48,7.877,19.302,17538.77,8558.680086
1781494021,54,8.057,20.612,25955.8728,13368.497578
1781494201,46,8.577,19.338,5294.2919,2519.141768
1781494561,0,8.887,1.0,0.01,0.001
1781494621,77,8.892,1.0,0.012,0.001372
1781495041,-17,8.693,1.0,0.01,0.001395
1781495101,32,8.632,1.0,0.0104,0.001038
1781495821,47,7.495,1.0,0.01,0.001164
1781496421,63,10.922,56.658,1616612985674.1272,658358595107.2867
1781496481,-38,11.707,97.085,6.555442781074796e+20,3.406272250697629e+20
1781496721,67,13.9,19.543,50.9814,22.027914
1781497261,77,12.31,1.0,0.01,0.001
1781497501,40,9.968,1.0,0.01,0.001
1781497621,47,8.853,1.0,0.01,0.001105
1781497861,37,7.447,1.0,0.01,0.001375
1781498041,33,6.832,1.0,0.0101,0.001276
1781498341,70,6.557,5.446,0.2595,0.139217
1781498521,-48,6.46,1.0,0.0104,0.001319
1781498761,-1,6.443,1.0,0.01,0.001502
1781498821,-24,6.378,1.0,0.01,0.001567
1781499001,45,6.25,2.781,0.0207,0.005042
1781499121,70,6.298,1.0,0.01,0.00123
1781499241,43,6.332,1.278,0.01,0.001593
1781499541,-22,6.497,4.916,0.0609,0.022918
1781499601,16,6.628,9.608,11.739,5.827709
1781500081,49,6.847,1.0,0.01,0.001297
1781500201,-5,6.78,2.081,0.0116,0.002839
1781500321,45,6.758,1.0,0.0102,0.001125
1781500801,0,5.865,1.0,0.01,0.001682
1781501041,-2,5.587,1.0,0.01,0.001661
1781503381,-16,5.293,10.877,204.4715,77.700455
1781503621,35,5.548,1.0,0.01,0.001525
1781503681,49,5.653,8.007,8.1494,3.924385
1781503861,32,6.163,25.848,667351489.084,333170845.112223
1781503921,-17,6.252,18.658,175442.5814,70621.904693
1781504101,64,6.98,16.215,7100.2133,2789.379778
1781504161,-19,7.308,17.532,5312.6368,1894.908227
1781504401,64,7.467,3.608,0.0259,0.007399
1781504641,38,6.742,1.0,0.01,0.001087
1781504881,-21,5.357,1.0,0.0101,0.001388
1781504941,77,5.13,1.0,0.01,0.001767
1781506681,-17,8.028,58.155,4.527851410770341e+17,1.6368394001050755e+17
1781506861,7,9.353,20.325,2352.3999,1054.261458
1781506981,73,9.252,1.0,0.01,0.001
1781507101,-35,8.81,1.0,0.01,0.001125
1781507341,37,7.565,1.0,0.01,0.001335
1781507461,-4,7.428,8.447,1.3909,0.713852
1781507641,-37,8.238,39.176,28523779651.5608,12419668716.982204
1781507701,-34,8.405,34.931,335070546.4555,141443300.679176
1781507821,-51,8.728,16.923,105.6839,48.350121
1781508241,70,8.607,10.635,5.2033,2.585929
1781508301,32,9.158,37.206,543401142.7587,204138807.505675
1781508541,-18,13.433,100.025,3.923973120037046e+18,2.0757415341184177e+18
1781508781,-58,15.923,1.128,0.0104,0.001074
1781508961,64,15.383,1.269,0.0122,0.001283
1781509741,-13,10.15,1.0,0.01,0.001
1781510161,25,9.702,3.081,0.01,0.001962
1781510941,-35,8.698,1.0,0.01,0.001197
1781511121,74,8.702,5.953,0.1336,0.046759
1781511601,-16,10.753,35.408,3263259.6774,1345917.182795
1781511901,52,12.292,17.035,29.4326,12.630681
1781512201,33,13.1,21.033,112.624,45.799753
1781512681,13,14.575,8.111,0.0892,0.02569
1781512801,-57,14.623,1.168,0.01,0.001
1781513101,-23,16.522,59.809,41908834.4662,22698314.369331
1781513341,33,22.232,118.601,6265465960660.273,2639209794760.3735
1781513461,45,25.223,101.904,3584820521.4405,1998084787.199917
1781513521,-3,26.327,80.538,2772633.5265,1087483.410479
1781514121,-28,18.985,1.577,0.0125,0.001
1781514361,-25,15.957,1.201,0.0115,0.001274
1781515021,12,11.222,1.161,0.0109,0.001001
1781515201,-44,10.482,1.071,0.0103,0.001105
1781515501,40,9.552,1.0,0.01,0.001179
1781515561,40,9.307,1.0,0.01,0.0012
1781515681,14,9.052,1.0,0.01,0.001
1781516761,31,15.862,362.964,1.9869425288194377e+63,8.778041421328309e+62
1781517481,-20,22.351,1.717,0.01,0.001
1781517601,21,19.762,1.476,0.01,0.001
1781517841,-24,15.95,1.37,0.01,0.001
1781517901,31,15.125,1.077,0.0102,0.001
1781519041,47,7.92,1.0,0.01,0.001201
1781519101,-39,7.683,1.0,0.01,0.001153
1781519701,-25,6.638,1.0,0.0101,0.001055
1781519761,56,6.582,1.0,0.01,0.00105
1781520121,1,6.773,3.467,0.0233,0.008612
1781520361,47,6.887,1.0,0.0104,0.001484
1781520541,-11,6.807,1.0,0.0112,0.001287
1781520781,-12,6.8,1.926,0.0107,0.002037
1781521141,41,6.683,1.0,0.0102,0.001141
1781521561,-5,6.233,1.0,0.0101,0.001133
1781521741,-1,6.035,1.0,0.0104,0.001592
1781521801,75,6.038,1.0,0.01,0.001437
1781522221,54,6.513,17.017,36629.2023,16666.578857
1781522701,11,7.932,30.786,158922161.0595,68378419.230691
1781523301,41,7.878,1.0,0.01,0.001345
1781523541,-55,9.928,97.634,7.954048846099931e+24,3.8792931260117463e+24
1781523601,14,10.98,129.946,1.5126380143579629e+31,7.443724529045914e+30
1781523781,61,17.825,269.471,9.327822297465949e+40,4.388136117089403e+40
1781524081,66,24.635,2.049,0.0126,0.001244
1781524441,7,16.893,1.37,0.0109,0.001
1781524801,63,12.978,1.107,0.01,0.001
1781524861,-17,12.643,1.05,0.01,0.001
1781525521,-44,11.09,2.432,0.0124,0.001764
1781526361,54,10.76,1.0,0.0105,0.001162
1781526541,43,10.152,1.0,0.0112,0.001
1781527021,33,11.068,51.712,33958778653.1077,14968026119.168556
1781527141,32,11.755,40.382,15184727.18,7332144.909821
1781527801,-23,11.013,9.366,0.2187,0.098464
1781527861,11,10.84,6.199,0.0676,0.022787
1781527981,-33,10.845,4.319,0.0124,0.003457
1781528041,48,10.912,1.0,0.011,0.001025
1781528161,50,10.593,1.0,0.01,0.00103
1781528581,-16,8.878,1.0,0.01,0.001243
1781530021,22,7.552,1.0,0.01,0.001292
1781530201,-4,7.458,1.752,0.01,0.001482
1781530261,17,7.537,3.426,0.0185,0.004815
1781530621,-19,7.493,1.738,0.01,0.001791
1781530921,-40,6.63,1.0,0.01,0.00127
1781531101,8,6.18,1.0,0.0106,0.001329
1781531161,16,5.998,1.0,0.01,0.001136
1781531881,-21,5.613,6.855,1.2535,0.570965
1781532001,-41,5.773,4.307,0.0271,0.010519
1781532181,-2,6.22,13.065,754.1583,337.92636
1781532361,-33,7.265,40.903,9061191246818.623,5300641519959.703
1781532421,14,7.675,42.01,4720460260621.848,1509479093277.7678
1781533201,48,9.49,1.0,0.0118,0.001063
1781533621,68,7.743,1.0,0.0141,0.002297
1781533681,-31,7.998,9.486,1.137,0.490598
1781534041,-33,7.557,1.0,0.01,0.001262
1781534101,72,7.585,1.0,0.0114,0.001226
1781534161,-15,7.543,1.0,0.01,0.001447
1781534521,0,7.757,12.994,33.5718,13.586271
1781534701,-33,8.457,32.216,51760685.5718,14589510.217005
1781535061,76,10.225,4.547,0.0305,0.00905
1781535121,49,10.332,7.559,0.3091,0.113548
1781535841,65,6.777,1.0,0.01,0.001224
1781535961,45,5.985,1.0,0.0106,0.001534
1781536381,71,5.54,7.397,5.1306,2.049856
1781536441,79,5.612,12.512,1734.2295,659.83445
1781536561,39,5.813,9.3,26.4609,14.734179
1781536861,56,5.855,1.0,0.0108,0.001432
1781537281,26,6.105,13.158,1157.5286,576.147099
1781537401,-54,6.287,6.011,0.0875,0.055667
1781537821,-6,6.43,1.0,0.0146,0.001683
1781538601,19,6.798,1.0,0.0115,0.001026
1781538721,-2,6.79,1.0,0.01,0.001509
1781539021,-30,6.307,1.0,0.0124,0.001494
1781539441,-51,6.438,7.873,0.5999,0.322313
1781539501,-27,6.527,11.211,36.2323,13.413315
1781539681,8,6.8,4.006,0.0437,0.017554
1781540101,35,6.063,1.0,0.0108,0.001625
1781540401,40,5.727,1.0,0.0111,0.001638
1781540581,20,5.877,6.636,1.3939,0.657826
1781540701,67,6.718,37.189,7134965703368.013,3772189598625.831
1781540821,15,7.103,24.445,6417543.9914,3748946.797601
1781541001,-18,7.252,1.0,0.0116,0.001797
1781541061,-27,7.177,1.0,0.01,0.001379
1781541121,0,7.093,1.0,0.01,0.001408
1781541301,-5,6.695,2.047,0.01,0.00142
1781542381,17,6.415,45.522,2.1363817022132192e+17,9.203379823728517e+16
1781542801,-57,7.947,1.0,0.0111,0.001147
1781543341,-33,6.275,1.0,0.0149,0.002
1781543461,-54,6.198,1.0,0.0121,0.001311
1781543641,-30,6.12,4.676,0.0436,0.017838
1781543881,55,7.08,32.966,39586035722.4772,15975561097.42121
1781544001,-34,7.952,43.854,3121678830142.1436,1112724228552.8064
1781544181,63,9.64,66.717,1.2354508404487355e+17,6.3067773581538e+16
1781544361,-4,10.948,34.211,889295.8862,352433.965163
1781544421,37,11.218,22.507,686.0828,198.085314
1781544541,51,11.54,6.575,0.1007,0.037071
1781544841,-12,11.577,2.176,0.01,0.00157
1781544901,8,11.707,12.349,2.2436,1.243468
1781545021,6,12.163,25.549,1328.5303,427.931125
1781545141,24,12.43,21.486,264.9134,99.568802
1781545261,-38,12.722,15.533,2.9599,1.051019
1781545741,-58,10.145,1.0,0.0116,0.001
1781545981,-26,8.788,1.0,0.0129,0.001399
1781546341,-29,8.345,1.0,0.0124,0.001107
1781546461,53,7.977,1.0,0.01,0.00105
1781547181,-27,7.742,12.356,23.9089,8.745217
1781548081,64,5.827,1.0,0.0102,0.001394
1781548441,56,6.192,10.506,68.8398,27.351644
1781548561,48,6.183,1.0,0.0116,0.001419
1781548741,-9,6.472,5.315,0.0866,0.037909
1781549101,26,18.815,189.651,3.552614037281355e+26,1.702918007386405e+26
1781549701,60,7.897,1.0,0.01,0.001
1781550541,31,5.383,1.0,0.01,0.00133
1781554441,-51,5.147,32.01,127217212520965.47,49901566627752.336
1781554681,-56,7.018,51.023,1.2068558682122573e+17,4.9011900691609576e+16
1781554861,63,8.053,14.107,137.4372,63.44228
1781555821,-53,10.472,1.0,0.0111,0.001182
1781556601,-4,5.383,1.0,0.01,0.001441
1781558821,-52,5.965,5.091,0.0513,0.024533
1781561461,37,5.372,29.433,3339250318158.2427,1789433349157.9956
1781561881,68,5.738,1.0,0.0122,0.001551
1781562541,50,5.21,6.629,3.4286,1.68364
1781562721,-49,5.22,2.19,0.0113,0.003246
1781562961,-60,5.242,1.0,0.0116,0.001886
1781563201,-51,5.342,7.65,2.0684,0.789411
1781563441,31,5.47,1.0,0.01,0.001263
1781565121,-41,5.025,6.229,0.84,0.363104
1781565361,21,5.125,1.0,0.01,0.001468
1781565421,24,5.138,1.0,0.0134,0.002221
1781565841,32,5.622,9.756,72.634,31.960579
1781566081,43,6.11,7.468,3.4852,1.597374
1781566141,52,6.23,8.267,6.8241,3.238621
1781566561,53,7.565,20.277,41994.2749,21429.145779
1781566741,-3,8.267,10.745,4.1958,1.989657
1781567041,61,9.14,28.379,1371492.1396,677022.980544
1781567281,-45,10.983,53.073,44647618097.4568,16778435055.770239
1781567461,-27,12.62,54.657,3648785912.4313,2075178742.287194
1781567701,45,15.936,73.28,57160797146.3945,24486018322.821026
1781567821,-55,17.259,82.163,34686639042.6506,14645354654.216642
1781568481,-23,14.993,1.183,0.01,0.001097
1781568601,49,14.12,1.0,0.0109,0.001
1781568961,-29,12.772,2.158,0.0106,0.001465
1781569501,11,11.765,1.0,0.0108,0.00107
1781569621,6,13.063,83.734,6298332399113298.0,3196409270038684.5
1781569861,22,14.668,45.77,2428304.662,1262207.832309
1781570041,51,14.715,1.265,0.0132,0.001218
1781570101,61,14.753,1.183,0.01,0.001
1781570461,-26,20.085,203.785,2.2154161681570068e+26,1.0194526511385727e+26
1781570881,19,19.688,1.557,0.01,0.001
1781571121,59,15.267,1.538,0.01,0.001089
1781571241,-32,14.783,1.106,0.01,0.001
1781571361,14,14.867,9.71,0.2445,0.075062
1781571421,-18,14.84,12.627,0.5245,0.208645
1781571781,16,14.93,1.247,0.01,0.001121
1781571961,-14,14.12,1.425,0.0102,0.001
1781572441,-23,13.207,18.078,14.3416,6.830709
1781572501,32,13.438,27.841,2267.3895,816.454889
1781572861,-32,15.565,38.939,28125.5578,11722.280505
1781573761,56,12.518,1.089,0.0102,0.001217
1781573941,-53,10.803,1.0,0.0146,0.001227
1781574241,23,8.933,1.0,0.0113,0.001045
1781574601,61,7.348,1.0,0.0116,0.001156
1781574841,37,6.767,1.0,0.01,0.001
1781575381,34,7.31,1.0,0.0115,0.001
1781575501,22,7.128,1.0,0.0113,0.001142
1781575741,-26,6.523,1.0,0.01,0.001047
1781575801,-37,6.312,1.0,0.0103,0.001492
1781576221,48,5.548,1.0,0.0102,0.001528
1781576521,-24,5.715,14.474,7774.1475,3584.218965
1781576761,11,6.205,14.152,1968.497,769.847696
1781577181,37,7.633,22.431,407524.309,208286.055097
1781577541,50,7.877,1.0,0.0115,0.001
1781577781,74,7.402,1.0,0.01,0.001
1781577901,-29,7.14,1.0,0.01,0.001281
1781578741,-42,5.328,1.0,0.01,0.00153
1781578921,-39,5.035,1.0,0.0118,0.00181
1781586121,79,5.597,65.574,4.610964307220576e+30,2.3508716594824037e+30
1781586241,60,6.488,42.032,3046095244090387.0,1492751779081101.2
1781586421,73,7.343,1.0,0.01,0.001422
1781586481,44,7.405,1.0,0.0122,0.001611
1781586901,-50,5.367,1.0,0.0109,0.001453
1781593561,-37,5.622,1.0,0.01,0.001334
1781602861,78,5.043,6.262,1.6092,0.763986
1781603041,13,5.117,1.0,0.01,0.001093
1781603221,-12,5.18,1.0,0.0107,0.001606
1781603821,13,6.145,1.0,0.01,0.001231
1781603941,53,5.832,1.0,0.0156,0.00187
1781605321,55,5.02,2.583,0.0302,0.010963
1781605441,-38,5.12,1.872,0.01,0.001891
1781605801,21,5.107,1.0,0.01,0.001428
1781605981,-4,5.14,1.614,0.01,0.002332
1781606161,7,5.433,12.065,1439.9388,714.565686
1781606461,-56,5.755,1.647,0.0122,0.002702
1781606881,-7,5.49,1.0,0.0118,0.001569
1781607361,-38,6.153,17.201,40395.9956,20034.255885
1781607961,65,6.673,1.0,0.0146,0.001896
1781608141,37,6.24,1.0,0.01,0.001263
1781608201,-15,6.162,1.0,0.01,0.001483
1781608921,-46,5.392,1.0,0.0108,0.0013
1781609881,-4,5.42,19.857,13784829.9323,6005247.201277
1781609941,5,5.68,23.942,661188813.2403,231944699.343881
1781610181,24,7.505,48.512,4530078632738699.0,2143092119032656.5
1781610301,-45,8.333,34.872,334887589.2648,164353852.355265
1781610361,30,8.545,17.879,1529.5458,811.297584
1781610481,-21,8.833,1.0,0.01,0.001155
1781610541,38,8.905,1.0,0.0108,0.001047
1781610841,-1,8.008,1.0,0.0101,0.001009
1781611501,17,5.475,1.0,0.01,0.001143
1781611681,-59,5.147,1.0,0.01,0.00166
1781611861,42,5.202,6.07,1.3258,0.696427
1781612221,37,5.552,5.514,0.5877,0.259766
1781612641,59,5.89,4.311,0.0633,0.028084
1781613541,33,5.108,2.701,0.024,0.0074
1781613721,-57,5.115,1.0,0.011,0.001852
1781614621,-5,5.118,1.0,0.0143,0.002386
1781614741,-60,5.125,1.0,0.0134,0.001836
1781614981,47,5.133,1.0,0.011,0.001228
1781615161,-12,5.642,18.647,1756406.8041,654736.524554
1781615221,-43,5.753,19.31,1342957.8888,503752.022564
1781615281,4,5.84,16.534,86410.4869,39078.062959
1781615461,-41,5.78,1.0,0.011,0.001063
1781615641,43,5.53,1.0,0.0124,0.001816
1781615701,3,5.28,1.0,0.0102,0.001027
1781615761,56,5.045,1.0,0.0115,0.002117
1781618881,-19,5.277,23.763,3229504545.3416,1672501756.186938
1781619301,52,7.103,14.484,754.6936,387.086729
1781620141,-11,8.627,1.0,0.0102,0.001122
1781620501,66,8.59,1.0,0.0105,0.001167
1781621761,-53,8.372,1.0,0.0106,0.001068
1781622301,63,7.378,4.868,0.1308,0.070147
1781622421,-18,7.638,17.618,3028.8448,1098.69125
1781622841,15,8.535,1.0,0.01,0.001008
1781622901,-14,8.562,1.0,0.0117,0.001
1781623021,2,8.378,1.0,0.013,0.001252
1781623201,43,8.175,1.0,0.0107,0.001243
1781623621,-57,12.303,33.436,24976.03,8267.776108
1781623801,-11,12.198,1.0,0.0107,0.001
1781623981,-13,9.178,1.0,0.01,0.001057
1781624101,41,7.382,1.0,0.0109,0.001364
1781624581,74,6.915,6.837,0.6262,0.256956
1781624761,48,7.397,19.998,71605.9083,30266.596609
1781624881,-23,8.385,48.899,39065950980184.27,19390799690253.94
1781625001,-1,9.36,45.276,82364206467.727,38332949537.98886
1781625481,-7,8.732,1.0,0.01,0.001256
1781625781,77,6.295,1.0,0.0138,0.001813
1781625961,-20,5.503,1.0,0.01,0.001606
1781631841,-51,6.917,131.241,8.46996165112535e+50,3.5593472012992412e+50
1781632321,46,10.585,1.0,0.01,0.001
1781632561,52,8.632,1.0,0.01,0.001433
1781632741,-46,8.212,2.214,0.01,0.0022
1781633101,76,6.3,1.0,0.01,0.00168
1781633221,14,5.135,1.0,0.01,0.001643
1781644621,-44,6.73,1.0,0.01,0.001116
1781644681,53,5.898,1.0,0.0112,0.001454
1781650141,49,5.158,1.0,0.0105,0.001949
1781650201,16,5.183,1.0,0.01,0.001558
