START,END,PEAK_TIME,PEAK_COUNTS,DURATION_s,MAJORITY_CLASS,SAMPLES
2026-06-06T04:04:06+00:00,2026-06-06T04:04:08+00:00,2026-06-06T04:04:08+00:00,63.0,2.0,,3
2026-06-06T04:04:36+00:00,2026-06-06T04:04:48+00:00,2026-06-06T04:04:44+00:00,77.0,12.0,,13
2026-06-06T04:04:53+00:00,2026-06-06T04:04:57+00:00,2026-06-06T04:04:56+00:00,69.0,4.0,,5
2026-06-06T16:45:27+00:00,2026-06-06T16:45:29+00:00,2026-06-06T16:45:28+00:00,45.0,2.0,,3
2026-06-07T05:34:25+00:00,2026-06-07T05:34:27+00:00,2026-06-07T05:34:25+00:00,40.0,2.0,,3
2026-06-07T11:04:21+00:00,2026-06-07T11:04:23+00:00,2026-06-07T11:04:21+00:00,13.0,2.0,,3
2026-06-07T19:03:08+00:00,2026-06-07T19:03:10+00:00,2026-06-07T19:03:09+00:00,24.0,2.0,,3
2026-06-08T03:18:42+00:00,2026-06-08T03:18:44+00:00,2026-06-08T03:18:44+00:00,85.0,2.0,,3
2026-06-08T12:58:10+00:00,2026-06-08T12:58:12+00:00,2026-06-08T12:58:10+00:00,27.0,2.0,,3
2026-06-08T14:46:37+00:00,2026-06-08T14:46:39+00:00,2026-06-08T14:46:37+00:00,16.0,2.0,,3
2026-06-08T15:59:41+00:00,2026-06-08T15:59:43+00:00,2026-06-08T15:59:42+00:00,22.0,2.0,,3
2026-06-08T16:24:46+00:00,2026-06-08T16:24:48+00:00,2026-06-08T16:24:48+00:00,25.0,2.0,,3
2026-06-08T17:33:30+00:00,2026-06-08T17:33:32+00:00,2026-06-08T17:33:32+00:00,33.0,2.0,,3
2026-06-08T19:24:43+00:00,2026-06-08T19:24:45+00:00,2026-06-08T19:24:43+00:00,12.0,2.0,,3
2026-06-08T22:56:47+00:00,2026-06-08T22:56:50+00:00,2026-06-08T22:56:50+00:00,12.0,3.0,,4
2026-06-10T00:58:44+00:00,2026-06-10T00:58:46+00:00,2026-06-10T00:58:45+00:00,75.0,2.0,,3
2026-06-10T00:58:56+00:00,2026-06-10T00:58:58+00:00,2026-06-10T00:58:57+00:00,72.0,2.0,,3
2026-06-10T00:59:09+00:00,2026-06-10T00:59:13+00:00,2026-06-10T00:59:11+00:00,84.0,4.0,,5
2026-06-10T00:59:17+00:00,2026-06-10T00:59:30+00:00,2026-06-10T00:59:24+00:00,98.0,13.0,,14
2026-06-10T00:59:35+00:00,2026-06-10T00:59:52+00:00,2026-06-10T00:59:40+00:00,89.0,17.0,,18
2026-06-10T00:59:55+00:00,2026-06-10T01:00:01+00:00,2026-06-10T00:59:57+00:00,86.0,6.0,,7
2026-06-10T01:00:04+00:00,2026-06-10T01:00:07+00:00,2026-06-10T01:00:05+00:00,85.0,3.0,,4
2026-06-10T01:00:16+00:00,2026-06-10T01:00:19+00:00,2026-06-10T01:00:17+00:00,81.0,3.0,,4
2026-06-10T01:00:21+00:00,2026-06-10T01:00:24+00:00,2026-06-10T01:00:21+00:00,77.0,3.0,,4
2026-06-10T01:32:41+00:00,2026-06-10T01:32:43+00:00,2026-06-10T01:32:42+00:00,26.0,2.0,,3
2026-06-10T01:34:00+00:00,2026-06-10T01:34:02+00:00,2026-06-10T01:34:00+00:00,21.0,2.0,,3
2026-06-10T06:11:10+00:00,2026-06-10T06:11:12+00:00,2026-06-10T06:11:10+00:00,16.0,2.0,,3
2026-06-10T07:37:47+00:00,2026-06-10T07:37:49+00:00,2026-06-10T07:37:48+00:00,12.0,2.0,,3
2026-06-10T17:04:35+00:00,2026-06-10T17:04:37+00:00,2026-06-10T17:04:35+00:00,16.0,2.0,,3
2026-06-10T19:57:49+00:00,2026-06-10T19:57:51+00:00,2026-06-10T19:57:49+00:00,10.0,2.0,,3
2026-06-10T21:56:53+00:00,2026-06-10T21:56:55+00:00,2026-06-10T21:56:53+00:00,9.0,2.0,,3
2026-06-11T02:09:32+00:00,2026-06-11T02:09:34+00:00,2026-06-11T02:09:32+00:00,51.0,2.0,,3
2026-06-11T08:52:46+00:00,2026-06-11T08:52:48+00:00,2026-06-11T08:52:47+00:00,15.0,2.0,,3
2026-06-11T09:04:13+00:00,2026-06-11T09:04:15+00:00,2026-06-11T09:04:13+00:00,14.0,2.0,,3
2026-06-12T03:46:13+00:00,2026-06-12T03:46:15+00:00,2026-06-12T03:46:13+00:00,16.0,2.0,,3
2026-06-12T09:48:50+00:00,2026-06-12T09:48:52+00:00,2026-06-12T09:48:52+00:00,11.0,2.0,,3
2026-06-12T12:18:09+00:00,2026-06-12T12:18:11+00:00,2026-06-12T12:18:11+00:00,29.0,2.0,,3
2026-06-12T12:36:27+00:00,2026-06-12T12:36:29+00:00,2026-06-12T12:36:28+00:00,8.0,2.0,,3
2026-06-12T14:01:36+00:00,2026-06-12T14:01:38+00:00,2026-06-12T14:01:36+00:00,11.0,2.0,,3
2026-06-12T16:18:19+00:00,2026-06-12T16:18:21+00:00,2026-06-12T16:18:21+00:00,28.0,2.0,,3
2026-06-13T09:52:31+00:00,2026-06-13T09:52:33+00:00,2026-06-13T09:52:31+00:00,16.0,2.0,,3
2026-06-13T11:27:03+00:00,2026-06-13T11:27:05+00:00,2026-06-13T11:27:03+00:00,17.0,2.0,,3
2026-06-13T12:21:14+00:00,2026-06-13T12:21:16+00:00,2026-06-13T12:21:14+00:00,18.0,2.0,,3
2026-06-13T16:56:56+00:00,2026-06-13T16:56:58+00:00,2026-06-13T16:56:56+00:00,11.0,2.0,,3
2026-06-13T19:38:52+00:00,2026-06-13T19:38:54+00:00,2026-06-13T19:38:52+00:00,10.0,2.0,,3
2026-06-13T21:38:11+00:00,2026-06-13T21:38:13+00:00,2026-06-13T21:38:11+00:00,10.0,2.0,,3
2026-06-14T00:32:20+00:00,2026-06-14T00:32:22+00:00,2026-06-14T00:32:22+00:00,11.0,2.0,,3
2026-06-14T02:05:09+00:00,2026-06-14T02:05:11+00:00,2026-06-14T02:05:10+00:00,8.0,2.0,,3
2026-06-14T12:25:04+00:00,2026-06-14T12:25:06+00:00,2026-06-14T12:25:05+00:00,29.0,2.0,,3
2026-06-14T16:41:33+00:00,2026-06-14T16:41:35+00:00,2026-06-14T16:41:33+00:00,7.0,2.0,,3
2026-06-14T20:32:39+00:00,2026-06-14T20:32:41+00:00,2026-06-14T20:32:41+00:00,14.0,2.0,,3
2026-06-14T23:33:28+00:00,2026-06-14T23:33:30+00:00,2026-06-14T23:33:28+00:00,9.0,2.0,,3
2026-06-15T06:23:57+00:00,2026-06-15T06:23:59+00:00,2026-06-15T06:23:57+00:00,14.0,2.0,,3
2026-06-15T07:22:32+00:00,2026-06-15T07:22:34+00:00,2026-06-15T07:22:33+00:00,18.0,2.0,,3
2026-06-15T07:53:17+00:00,2026-06-15T07:53:19+00:00,2026-06-15T07:53:19+00:00,22.0,2.0,,3
2026-06-15T09:22:17+00:00,2026-06-15T09:22:19+00:00,2026-06-15T09:22:19+00:00,21.0,2.0,,3
2026-06-15T11:52:20+00:00,2026-06-15T11:52:23+00:00,2026-06-15T11:52:21+00:00,54.0,3.0,,4
2026-06-15T11:52:27+00:00,2026-06-15T11:52:30+00:00,2026-06-15T11:52:28+00:00,53.0,3.0,,4
2026-06-15T11:52:38+00:00,2026-06-15T11:52:42+00:00,2026-06-15T11:52:39+00:00,51.0,4.0,,5
2026-06-15T11:52:53+00:00,2026-06-15T11:52:55+00:00,2026-06-15T11:52:55+00:00,52.0,2.0,,3
2026-06-15T12:32:13+00:00,2026-06-15T12:32:15+00:00,2026-06-15T12:32:15+00:00,19.0,2.0,,3
2026-06-15T12:58:58+00:00,2026-06-15T12:59:01+00:00,2026-06-15T12:58:58+00:00,24.0,3.0,,4
2026-06-15T13:15:08+00:00,2026-06-15T13:15:47+00:00,2026-06-15T13:15:26+00:00,95.0,39.0,,40
2026-06-15T13:15:49+00:00,2026-06-15T13:15:51+00:00,2026-06-15T13:15:50+00:00,44.0,2.0,,3
2026-06-15T16:44:07+00:00,2026-06-15T16:44:17+00:00,2026-06-15T16:44:09+00:00,19.0,10.0,,11
2026-06-15T18:50:40+00:00,2026-06-15T18:50:42+00:00,2026-06-15T18:50:42+00:00,59.0,2.0,,3
2026-06-15T18:50:59+00:00,2026-06-15T18:51:02+00:00,2026-06-15T18:51:02+00:00,59.0,3.0,,4
2026-06-15T18:51:04+00:00,2026-06-15T18:51:33+00:00,2026-06-15T18:51:19+00:00,91.0,29.0,,30
2026-06-15T18:51:35+00:00,2026-06-15T18:51:48+00:00,2026-06-15T18:51:35+00:00,77.0,13.0,,14
2026-06-15T20:37:57+00:00,2026-06-15T20:37:59+00:00,2026-06-15T20:37:59+00:00,25.0,2.0,,3
2026-06-15T20:38:29+00:00,2026-06-15T20:38:31+00:00,2026-06-15T20:38:29+00:00,19.0,2.0,,3
2026-06-16T00:35:44+00:00,2026-06-16T00:35:46+00:00,2026-06-16T00:35:46+00:00,28.0,2.0,,3
2026-06-16T02:52:50+00:00,2026-06-16T02:52:52+00:00,2026-06-16T02:52:50+00:00,13.0,2.0,,3
2026-06-16T03:00:58+00:00,2026-06-16T03:01:00+00:00,2026-06-16T03:00:58+00:00,11.0,2.0,,3
2026-06-16T05:23:49+00:00,2026-06-16T05:23:51+00:00,2026-06-16T05:23:50+00:00,10.0,2.0,,3
2026-06-16T11:03:57+00:00,2026-06-16T11:03:59+00:00,2026-06-16T11:03:58+00:00,14.0,2.0,,3
2026-06-16T12:01:56+00:00,2026-06-16T12:01:58+00:00,2026-06-16T12:01:56+00:00,15.0,2.0,,3
2026-06-16T14:30:47+00:00,2026-06-16T14:30:49+00:00,2026-06-16T14:30:47+00:00,17.0,2.0,,3
2026-06-16T15:32:15+00:00,2026-06-16T15:32:17+00:00,2026-06-16T15:32:16+00:00,30.0,2.0,,3
2026-06-16T15:32:28+00:00,2026-06-16T15:32:30+00:00,2026-06-16T15:32:28+00:00,31.0,2.0,,3
2026-06-16T15:32:35+00:00,2026-06-16T15:32:40+00:00,2026-06-16T15:32:40+00:00,30.0,5.0,,6
2026-06-16T20:23:10+00:00,2026-06-16T20:23:12+00:00,2026-06-16T20:23:11+00:00,10.0,2.0,,3
2026-06-16T21:18:18+00:00,2026-06-16T21:18:20+00:00,2026-06-16T21:18:20+00:00,22.0,2.0,,3
2026-06-16T21:18:30+00:00,2026-06-16T21:18:33+00:00,2026-06-16T21:18:31+00:00,24.0,3.0,,4
2026-06-16T21:18:49+00:00,2026-06-16T21:18:51+00:00,2026-06-16T21:18:50+00:00,21.0,2.0,,3
2026-06-16T21:18:55+00:00,2026-06-16T21:18:57+00:00,2026-06-16T21:18:55+00:00,18.0,2.0,,3
2026-06-16T22:21:29+00:00,2026-06-16T22:21:31+00:00,2026-06-16T22:21:30+00:00,9.0,2.0,,3
2026-06-16T23:41:05+00:00,2026-06-16T23:41:07+00:00,2026-06-16T23:41:07+00:00,10.0,2.0,,3
2026-06-16T23:55:32+00:00,2026-06-16T23:55:34+00:00,2026-06-16T23:55:33+00:00,16.0,2.0,,3
2026-06-16T23:55:53+00:00,2026-06-16T23:55:55+00:00,2026-06-16T23:55:54+00:00,15.0,2.0,,3
2026-06-16T23:56:14+00:00,2026-06-16T23:56:17+00:00,2026-06-16T23:56:15+00:00,16.0,3.0,,4
2026-06-16T23:56:41+00:00,2026-06-16T23:56:43+00:00,2026-06-16T23:56:41+00:00,14.0,2.0,,3
